1,어부바
1,불도저에 탄 소녀
1,맛 킬라우
1,그레이 맨
1,지배하는 여자
1,리턴 투 스페이스
1,파워 오브 도그: 제인 캠피온이 말하다
1,"마지막 노예선, 그리고 후손들"
1,플랜 A 플랜 B
1,이웃을 어떻게 사랑해?
1,스케이트보드 위의 삶: 리오 베이커 스토리
1,테이크오버
1,미켈라 지로: 진짜라니까!
1,조엘 킴 부스터: 사이코섹슈얼
1,Bruna Louise: Demolition
1,아빠의 바이올린
1,우박 맞은 날
1,빌 버: 레드 록스 라이브
1,일라이자 슐레싱거: 핫 포에버
1,닌자거북이 에볼루션 - 더 무비
1,"헬로, 굿바이, 그리고 그 사이의 모든 것"
1,신의 분노
1,Ngayon Kaya
1,클라우스 패밀리 2
1,허니문 위드 마이 마더
1,브로드피크
1,브리지 홀로우의 저주
1,욕망의 새
1,채드와 JT: 딥하게 간다
1,페라 팔라스의 밤
1,컵헤드 쇼!
1,위살 패밀리
1,어둠 속의 42일
1,800미터
1,내 팔로워에게 좋아요를 눌러주세요
1,The Cage
1,미남당
1,나는 아버지를 죽였다
1,마음을 바꾸는 방법
1,악몽의 룸메이트
1,나는 아버지를 죽였다
1,마음을 바꾸는 방법
1,신문기자
1,Les papillons noirs
1,셰프의 테이블: 피자
1,스탠딩 업
1,여름의 열기
1,오마주
1,캣 버글러: 박물관을 털어라
1,아말피의 태양 아래
1,오텀 걸
1,폭격
1,댄싱 온 글래스
1,오피스 인베이전
1,"화이트 핫: 애버크롬비 & 피치, 그 흥망의 기록"
1,포티 이어스 영
1,말괄량이 길들이기
1,Mike Epps: Indiana Mike
1,글라트베크 인질극
1,실버턴 포위 작전
1,Mo Gilligan: There's Mo to Life
1,샤니아 트웨인: 낫 저스트 어 걸
1,하산 미나즈: 임금님의 어릿광대
1,인피니티: 무한의 세계로
1,Rodrigo Marques: King of Uncouth
1,아지즈 안사리: 나이트클럽 코미디언
1,추즈 오어 다이
1,돈 킬 미
1,닉 크롤: 리틀 빅 보이
1,야차
1,톨 걸 2
1,낙원에서 살아남기: 가족의 이야기
1,설득
1,표류단지
1,미션 축구: 돌연변이를 무찔러라!
1,두 인생을 살아봐
1,여행의 맛
1,"서른, 아홉"
1,납치의 재구성: 플로랑스 카세 사건
1,조너선 밴 네스: 궁금한 건 못 참아
1,Johnny Hallyday: Beyond Rock
1,스피릿 레인저스
1,서바이빙 서머
1,Barbie: It Takes Two
1,Las de la última fila
1,디파와 아눕
1,알레산드로 카텔란: 원 심플 퀘스천
1,칵테일 마스터
1,The Mole
1,컨트리 퀸
1,모두가 구원을 바란다
1,미니언즈 & 모어 1
1,리버댄스: 애니메이션 어드벤처
1,13: 더 뮤지컬
1,아폴로 10 1/2: 스페이스 에이지 어드벤처
1,러브 인 더 빌라
1,메탈 로드
1,마음이 노래하는 대로
1,아니쿨라포
1,스파이더헤드
1,카르마를 탓하지 마!
1,별에서 점프
1,더티 대디: 밥 사겟 추모 스페셜
1,조지 스톤의 드림라이프
1,Chip and Potato: Chip's Holiday
1,음유시인 축제
1,Ricardo Quevedo: Tomorrow Will Be Worse
1,Liss Pereira: Adulting
1,두 리벤지
1,폴링 포 크리스마스
1,보이지 않는 끈
1,"그 남자, 좋은 간호사"
1,마릴린 먼로 미스터리: 비공개 테이프
1,뒤틀린 집
1,퍼핏 마스터: 최악의 사기꾼을 잡아라
1,이즈 잇 케이크
1,블러드 시스터스
1,하드 셀
1,체조 아카데미: 두 번째 기회
1,황후 엘리자베트
1,지구상의 위대한 국립공원
1,기예르모 델토로의 호기심의 방
1,나는 스토커다
1,라스트 버스
1,웰컴 투 에덴
1,다시 열다섯
1,샌드맨
1,팬텀 퍼피스
1,살인을 말하다: 존 웨인 게이시 테이프
1,클리닝 업
1,월스트리트에 한 방을: 게임스톱 사가
1,네이마르: 퍼펙트 카오스
1,성난 지구
1,"사랑, 인생, 그리고 그 사이의 모든 것"
1,펜타버릿: 5인의 비밀결사대
1,퀴어 아이: 브라질
1,안녕하세요
1,블래스티드: 친구들 vs 외계인
1,리키 저베이스: 슈퍼네이처
1,하트 샷
1,바보들의 기적
1,데이비드 A. 아널드: 쉬우면 재미없지
1,말하지 못한 이야기: 세기의 레이스
1,더 프리빌리지
1,마이 원더풀 라이프
1,Snoop Dogg's F*cn Around Comedy Special
1,Bill Burr Presents: Friends Who Kill
1,Whindersson Nunes: My Own Show!
1,오르가즘 주식회사: 쾌락을 판 어느 회사의 진실
1,토고
1,Stand Out: An LGBTQ+ Celebration
1,365일: 오늘
1,앰뷸런스
1,비욘드 유니버스
1,해리건 씨의 전화기
1,죽은 자들의 골짜기
1,﻿닐 브레넌：블록
1,시니어 이어
1,여름의 비밀
1,지-니어스
1,용감한 형사들
1,구필수는 없다
1,예감
1,슈퍼 키즈 액션 팩
1,사무라이 토끼: 우사기 연대기
1,클루브 아메리카 vs 클루브 아메리카
1,야생의 새끼들
1,러브 온 더 스펙트럼: 미국
1,앤디 워홀 일기
1,레아와 마농의 디지털 디톡스
1,더티 라인
1,이지 베이크 배틀: 최고의 가정 요리사를 찾아라
1,작은 아씨들
1,태국 동굴 구조작전
1,에이댁섬에 묻힌 해적의 황금
1,D.B. 쿠퍼: 공중에서 사라진 사나이
1,종이의 집: 공동경제구역
1,바이오하자드: 더 시리즈
1,반항아들
1,로맨틱 킬러
1,플레이리스트
1,트랜스포머: 봇봇
1,임퍼펙트
1,가디언스 오브 저스티스
1,탄저균의 습격
1,파나요티스 파스코: 올모스트
1,너는 나의 UFO
1,러브 앤 젤라토
1,왕의 기사
1,뷰티
1,케브 아담스: 진짜 나
1,"다 비켜, 우리 화났어"
1,카터
1,루프 라페타
1,스루 마이 윈도
1,마디아 홈커밍
1,세기의 은행털이: 도둑들의 고백
1,블랙 크랩
1,The Hall: Honoring the Greats of Stand-Up
1,이쿠타 토마의 도전
1,Jane Fonda & Lily Tomlin: Ladies Night Live
1,그렇게 바버라는 앨런을 만났다
1,앨리 웡: 돈 웡
1,배드 가이즈
1,노 리미트
1,선과 악의 학교
1,사라진 탄환 2
1,RRR: 라이즈 로어 리볼트
1,마이
1,Finding Ola
1,산토
1,오드볼
1,킹 오브 스통크
1,아이언 셰프: 브라질
1,쿵푸팬더: 용의 기사
1,언커플드
1,아이언 셰프: 레전드에 도전하라
1,지구 밖 소년소녀
1,I am Georgina
1,파나티코
1,멈춘 남자
1,아카이브 81
1,지미 새빌: 브리티시 호러 스토리
1,이상한 나라의 수학자
1,신의 기사: 가톳카차
1,아이비랑 빈이 만났을 때: 춤출 운명이야
1,디오라마
1,조기
1,사랑의 전술
1,젊은 위궈의 기쁨과 슬픔
1,금수저가 내게로 올까요?
1,인 굿 핸즈
1,메스키나
1,Tiga Janda Melawan Dunia
1,겟어웨이 킹
1,뮌헨: 전쟁의 문턱에서
1,애덤 프로젝트
1,시몬 페레스의 위대한 꿈
1,웨딩 시즌
1,"Rodrigo Sant'anna: I'm Here, I'm Queer!"
1,강철의 연금술사 완결편: 최후의 연성
1,"Rodrigo Sant'anna: I'm Here, I'm Queer!"
1,모비우스
1,레인보우
1,맨 프롬 토론토
1,서부 전선 이상 없다
1,동화 보기엔 너무 커버린
1,20세기 소녀
1,아웃핏
1,인터셉터
1,"나는 SOLO 그 후, 사랑은 계속된다(나솔사계)"
1,히야마 켄타로의 임신
1,트리비아 퀘스트
1,이상한 변호사 우영우
1,스노플레이크 마운틴: Z세대 생존 캠프
1,섹스 룸을 만드는 법
1,길 위의 셰프들: 미국
1,클레오
1,그린 글러브 갱
1,새비지 리듬
1,더 롱기스트 나이트
1,살인을 말하다: 제프리 다머 테이프
1,홀드 타이트
1,하이 워터
1,다2어리
1,인사이드 맨
1,연애 실험: 블라인드 러브 일본편
1,어쩌다 전원일기
1,Entrapped
1,어둠 속의 감시자
1,Wild Croc Territory
1,알마
1,스파이 패밀리
1,아이언 셰프: 멕시코
1,반려동물의 숨겨진 슈퍼파워
1,자정 클럽
1,최후통첩: 결혼할까 헤어질까
1,유령인데 어쩌라고
1,레스틀리스
1,복사기
1,맨 오브 갓
1,제니퍼 로페즈: 내 인생의 하프타임
1,사진 속의 소녀
1,Norm Macdonald: Nothing Special
1,말하지 못한 이야기: AND1의 흥망성쇠
1,또다시 망할 놈의 사랑
1,럭키스트 걸 얼라이브
1,셀럽은 회의 중
1,Christina P: Mom Genes
1,Jeff Foxworthy: The Good Old Days
1,비자이의 비스트
1,"모니카, 오 마이 달링"
1,언차티드
1,로열 트리트먼트
1,미니언즈 & 모어 2
1,더 스트레인저
1,어른들은 모르는 고딩엄빠
1,흙 팝니다
1,Siempre Reinas
1,말하지 못한 이야기: 여자 친구는 존재하지 않았다
1,마녀체력 농구부
1,슈퍼 퍼피Z
1,바스타드: 암흑의 파괴신
1,디 에이전시: 베벌리힐스의 중개인들
1,데이티드 앤 릴레이티드
1,스물다섯 스물하나
1,베이비 피버
1,연예인 매니저로 살아남기
1,말루프 가족이 사는 법
1,사내맞선
1,데빌 인 오하이오
1,선 & 데빌
1,슈퍼 자이언트 로봇 브라더스
1,퍼스트 킬
1,신 테르마이 로마이
1,마이애미 디자인하기
1,쾌락의 원리
1,링컨 차를 타는 변호사
1,애덤 코노버: 정부가 왜 이래
1,하트브레이크 하이
1,아나토미 오브 스캔들
1,"28일, 유령의 집에서"
1,비상! 시어머니가 떴다
1,야카모즈 S-245
1,아이 유스투 비 페이머스
1,바비: 모험을 떠나요
1,내일이 없는 것처럼: 존 맥아피의 기구한 삶
1,My Little Pony: A New Generation: Sing-Along
1,퍼플 하트
1,여름밤을 달려 봐
1,해적: 도깨비 깃발
1,Pete Davidson Presents: The Best Friends
1,러브 골
1,와일드 이즈 더 윈드
1,사이버 지옥: n번방을 무너뜨려라
1,라바 펜던트
1,Cristela Alonzo: Middle Classy
1,오프라 + 바이올라: 넷플릭스 스페셜 이벤트
1,더 버블
1,더 포토그래퍼: 호세 루이스 카베사스 살인사건
1,우리 죄를 사하여 주옵소서
1,더 트랩트 13: 태국 동굴 조난 사건
1,우리의 아버지
1,텍사스 전기톱 학살 2022
1,주얼: 시대를 초월한 사랑
1,포춘 핌스터: 굿 포춘
1,Missing Home
1,샤펠 사단 - 어스퀘이크: 전설의 코미디
1,요요를 위하여
1,Yuri Marçal: Honest Mistake
1,Dave Chappelle: What's in a Name?
1,"아이비랑 빈이 만났을 때: 안녕, 화장실 유령"
1,미 타임
1,아이비랑 빈이 만났을 때
1,브레이즌
1,아너+ 더 무비
1,에놀라 홈즈 2
1,Love Class
1,매버릭스
1,악마와의 만남
1,Fortune Seller: A TV Scam
1,착한 신도: 기도하고 복종하라
1,FIFA Uncovered
1,레이디 타마라
1,나의 해방일지
1,바다늑대의 섬
1,앵그리 버드: 여름 캠프 대소동
1,Sing Again
1,페델타
1,인사이더
1,바이킹스: 발할라
1,그녀와 그녀의 그녀
1,수리남
1,셀링 오렌지카운티
1,이건 누명이야! 시칠리아 살인 미스터리
1,레이스: 버바 월리스
1,다머
1,에코
1,내일
1,퍼스트 클래스
1,우리 어머니의 죄
1,내 사랑 싸가지 2: 태국판
1,데이트 앱 사기: 당신을 노린다
1,엔터갤럭틱
1,스캔들! 와이어카드를 폭로하다
1,로열틴
1,인투 더 윈드
1,퍼펙트 페어링
1,글램 걸스
1,말하지 못한 이야기: 플레그런트 파울 작전
1,컬리전
1,아리사카
1,위크엔드 어웨이
1,벚꽃 같은 나의 연인
1,향기를 만드는 자
1,다운폴: 더 보잉 케이스
1,트리 오브 피스
1,사랑의 종말
1,허슬
1,인생대사
1,엘머의 모험
1,씨 비스트
1,데이 시프트
1,결혼백서
1,인티머시
1,바이런 베이: 인플루언서의 천국
1,출동! 선행단
1,네팔 지진: 에베레스트의 생존자들
1,오늘은 여기까지: 데이비드 레터맨 쇼
1,배드 비건: 명성. 사기. 도망자.
1,"황제, 파티흐 테림"
1,넌 특별하지 않아
1,땅의 상속자들
1,겟 이븐: 우리는 치어 스쿼드
1,기상청 사람들: 사내연애 잔혹사 편
1,슈룹
1,크라쿠프의 괴물들
1,프롬 더 콜드
1,마술 사냥꾼 대니얼 스펠바운드
1,몰디브
1,신성한 가족
1,인도의 연쇄 살인범들: 델리의 도살자
1,테이크 원
1,구조견 루비
1,웬델 & 와일드
1,하트 퍼레이드
1,그렇게 난 갱스터와 사랑에 빠졌다
1,나의 흑역사 로맨티카 3
1,버블
1,해브 어 굿 트립
1,민권을 변호하다: 벤 크럼프
1,로니 쳉: 스피크이지
1,에이미 슈머와 함께: 어른들만 보세요
1,블랙아웃: 사라진 기억
1,Ms. Pat: Y'all Wanna Hear Something Crazy?
1,아만들라
1,주(咒)
1,지지
1,Patton Oswalt: We All Scream
1,민권을 변호하다: 벤 크럼프
1,달링스
1,가톨릭 스쿨
1,트리비아버스
1,Poketto monsuta-shin to yoba reshi aruseusu
1,투캅스 인 파리: 더 테이크다운
1,강구바이 가티아와디: 마피아 퀸
1,청춘스타
1,페리아: 가장 어두운 빛
1,노트르담
1,퀸
1,혼란스럽지만 사랑은 하고 싶어
1,네가 빠진 세계
1,우리들의 블루스
1,명탐정 코난: 제로의 일상
1,코타로는 1인 가구
1,숨 쉬어라
1,퀴즈쇼: 속여서 이겨라
1,머더빌
1,Donde Hubo Fuego
1,데드 엔드: 오싹한 테마파크
1,모 이야기
1,배틀 키티
1,동물 탐정단
1,오니: 천둥 신의 전설
1,센조: 축구 선수 살인사건의 진실
1,모범가족
1,뢰렌스코그 실종 사건
1,학교 괴담: 더 시리즈
1,미스터 굿: 경찰인가 악당인가
1,퍼펙트 마더
1,블록버스터 살리기
1,뤼딕
1,하트스토퍼
1,기상천외 목공소
1,휴먼 플레이그라운드
1,인간 vs 벌
1,타일러 헨리: 죽음 너머를 읽다
1,페이크
1,사라진 3톤: 브라질 중앙은행 강도 사건
1,하이프 하우스: 우리는 SNS 스타!
1,사이버펑크: 엣지러너
1,Esposa de Aluguel
1,코발트 블루
1,홈 팀
1,이랙스
1,아무도 믿지 마라: 암호화폐 제왕을 추적하다
1,러빙 어덜츠
1,Kapil Sharma: I'm Not Done Yet
1,추락한 스타: 그는 무엇을 잘못했나
1,캣 윌리엄스 :  3차 세계대전
1,리딤팀: 다시 드림팀으로
1,가브리엘 이글레시아스：스타디움 플러피
1,데이비드 스페이드: 개인적인 감정은 없어
1,Taylor Tomlinson: Look at You
1,To Russia with Love
1,강철의 연금술사 완결편: 복수자 스카
1,윈드폴
1,조력자
1,돈 리브
1,아이 케임 바이
1,또 다른 365일
1,배틀: 프리스타일
1,잭애스 4.5
1,비밀남녀
1,투 서머스
1,Dubai Bling
1,더 리얼 블링 링: 할리우드 절도 사건
1,킬러 샐리
1,보스 베이비: 다시 베이비로
1,영 앤 리치 아프리칸
1,안 수상한 용의자들
1,다크 블랙 아이즈
1,차시천하
1,탐정 벨라스코아란
1,체인소 맨
1,Buy My House
1,휴먼 리소스
1,그 여자의 집 건너편 창가에 웬 소녀가 있다
1,환혼
1,오자크와의 이별
1,마사 미첼 이펙트
1,도망자 - 카를로스 곤의 이상한 이야기
1,황무지의 괴물
1,켄타우로스
1,란비르와 자연의 대결: 베어 그릴스와 함께
1,재즈맨 블루스
1,The Best of Netflix Is a Joke: The Festival
1,Sheng Wang: Sweet and Juicy
1,무솔리니의 보물을 털어라
1,인 비트윈
1,피파
1,네 명의 저녁 식사
1,블론드
1,흑인다운 게 뭔데?!?
1,위험한 관계
1,앨라배마주 vs 브리트니 스미스
1,아테나
1,Jedna jedina
1,곰 인형의 기적
1,가족의 비밀
1,"엄마, 농담은 그만!"
1,리모델링 임파서블
1,클라르크
1,온리 포 러브
1,"웹 오브 메이크 빌리브: 죽음, 거짓말 그리고 인터넷"
1,미스터 미드나이트: 괴물을 조심하라
1,만약에 말야
1,또 다른 나
1,새비지 뷰티
1,소년심판
1,에르샨 쿠네리
1,인터넷에서 가장 증오하는 남자
1,죽을 만큼 아픈
1,로스트 올리
1,멜트다운: 스리마일섬의 진실
1,파트너 트랙
1,너의 조각들
1,카케구루이 트윈
1,애나 만들기
1,옛날 옛적에... 그리고 지금은
1,인도의 연쇄 살인범들: 살인자의 일기
1,루
1,부바
1,모럴센스
1,AI가 당신을 사랑해요
1,이브가 노래하는 아담: 라이브 인 애니메이션
1,돌 하우스
1,내 딸의 살인자
1,올드 피플
1,홀드 유어 브레스: 아이스 다이빙
1,마마듀크
1,루이스 피구 사건: 세기의 이적
1,타르에서 일어난 일
1,터닝 포인트
1,고양이는 왜 고양이일까?
1,빅버그
1,더 하우스
1,엔드 오브 더 로드
1,세상의 기원
1,서울대작전
1,얼어버린 시간 속에서
1,Jo Koy: Live from the Los Angeles Forum
1,살인 간호사를 잡아라
1,토스카나
1,벤전스
1,저스티스 서브드
1,더 페임 게임
1,금붕어 아내
1,바티칸 걸: 에마누엘라 오를란디 실종 사건
1,"비르기트: 왕국, 권력, 영광"
1,빅 샷 게임쇼
1,미드나잇 아시아: 먹다 · 춤추다 · 꿈꾸다
1,미래의 이것
1,수 퍼킨스: 놀랍게도 합법입니다
1,빅 트리 시티
1,신이 선택한 바보
1,리듬 & 플로우: 프랑스
1,정원의 뱀파이어
1,프롬 스크래치
1,No Regrets In Life
1,그린마더스클럽
1,블랙의 신부
1,파자의 수호대
1,리락쿠마의 테마파크 어드벤처
1,Ancient Apocalypse
1,스프리건
1,난장판이 된 사건사고: 우드스톡 1999
1,마이 리틀 포니: 나만의 마법
1,레아의 7개 인생
1,지금 우리 학교는
1,초즌
1,안나라수마나라
1,나의 별에게
1,해안의 살인
1,트립
1,수리아반시
1,걸 온 더 트레인
1,스퀘어드 러브
1,Bridgerton - The Afterparty
1,얼룩진 네트워크: 어느 저널리스트의 죽음
1,뮤지컬 말린체: 메이킹
1,돈 룩 업
1,작전명 바시티 블루스: 부정 입학 스캔들
1,츠네타 다이키 혼돈 도쿄
1,말하지 못한 이야기: 죄와 벌 그리고 하키
1,클래식 호러 스토리
1,바비와 첼시: 사라진 생일
1,화이트 타이거
1,내가 카를이다
1,언더테이커의 저주받은 저택
1,팬텀 - 또 다른 카를로스
1,딜리셔스: 프렌치 레스토랑의 시작
1,피어 스트리트 파트 1: 1994
1,슈퍼 몬스터의 신비한 옛날이야기
1,재키의 링
1,캅샵: 미친놈들의 전쟁
1,엑스트레모
1,넌 거기에 난 여기에
1,푸른 호수
1,넌 거기에 난 여기에
1,엑스트레모
1,스폰지밥 무비: 핑핑이 구출 대작전
1,씽2게더
1,돈 텔 어 소울
1,림보
1,내가 사랑했던 모든 남자들에게: 언제나 그리고 영원히
1,나는 SOLO <나는 솔로>
1,맛집의 옆집
1,더 클럽
1,존 드로리안: 디트로이트의 왕
1,신의 주앙: 치유의 검은손
1,Gaenmaeul Chachacha
1,페이트: 윙스의 전설
1,스테이 클로즈
1,마인
1,야스케
1,어둠 속의 미사
1,그 해 우리는
1,아케인
1,타투 리두: 새롭게 새겨줘
1,"벤데타: 진실, 거짓, 마피아"
1,D.P.
1,지옥
1,제로
1,트루 스토리
1,헤드스페이스: 명상이 필요할 때
1,우리는 20대: 오스틴
1,장가행
1,타이틀타운 하이: 풋볼 그리고 우리
1,Storybots Laugh Learn Sing
1,빅 팀버: 제재소를 지켜라!
1,O2
1,싱크홀
1,믹스테이프
1,침입자
1,어웨이크
1,딥: 잠들면 죽는다
1,싱글 올 더 웨이
1,배드 트립
1,The Upshaws - The Afterparty
1,우먼 앤 머더러
1,Dave Chappelle: The Closer
1,싱글 올 더 웨이
1,룰리
1,메이저 그롬: 플레이그 닥터
1,블러드 브러더스: 맬컴 엑스 & 무하마드 알리
1,"틱, 틱... 붐!"
1,미샤와 늑대들
1,Carlos Ballarta: falso profeta
1,Will You Marry?
1,월드 위드아웃
1,캐시트럭
1,병아리 하이킥
1,골프왕
1,레인코트 킬러: 유영철을 추격하다
1,에 우 아무로: 카마르구 가족
1,연모
1,괴물
1,카우보이로 사는 법
1,인사이더스
1,슈퍼크룩스
1,체인지 데이즈
1,50 제곱미터
1,쿠킹 위드 패리스 힐튼
1,The Fastest
1,버나드 가족의 행복한 장의사
1,크라임 씬: 세실 호텔 실종 사건
1,점선을 따라 찢어라
1,콜린: 흑과 백의 인생
1,코카인 카우보이: 마이애미의 제왕들
1,리들리 존스의 모험
1,더 모티브: 왜 소년은 가족을 죽였나?
1,아홉 개의 감정
1,베이크 스쿼드
1,"선배, 그 립스틱 바르지 마요"
1,프리티 스마트
1,컨트리 컴포트
1,너를 닮은 사람
1,홀스턴
1,연쇄살인범을 잡아라
1,신세계로부터
1,지금부터 시작일까
1,카틀라
1,"엘리트들, 못다 한 이야기: 나디아 구스만"
1,클라우스 패밀리
1,마법 관리국과 비밀 요원들
1,나이자 크리스마스
1,우리들의 여름날
1,러브 앳 퍼스트 스트림
1,프레이 어웨이
1,Jim Gaffigan: Comedy Monster
1,야라
1,샘 스미스: 애비 로드 스튜디오 라이브
1,릴리와 찌르레기
1,나의 아만다
1,브라이트: 무사의 혼
1,레드 닷
1,앙젤
1,작전명 히아신스
1,사랑을 하려면
1,승리호
1,내가 못 한 그 연애 - 감독판
1,마더/안드로이드
1,네 집에 누군가 있다
1,아야와 마녀
1,Carolin Kebekus: The Last Christmas Special
1,리스타트
1,너에게 가는 길
1,어른들은 몰라요
1,파러웨이 랜드
1,프라미싱 영 우먼
1,디어 에반 핸슨
1,맨 인 더 다크 2
1,카드 카운터
1,7명의 포로
1,코다
1,강철부대
1,"사랑, 그 어디쯤 : 아시진적애니"
1,뤼팽
1,Maid
1,과학자 에이다의 위대한 말썽
1,로스쿨
1,우리는 보았다
1,안녕? 나야!
1,너에게 주는 시간
1,불안한 사람들
1,포스트모템: 스카르네스에서는 아무도 죽지 않는다
1,이지파생활
1,호텔 델루나
1,클릭베이트
1,욕의 품격
1,더 크루: 갱랜드
1,마이 네임
1,브랜드 뉴 체리 플레이버
1,카우보이 비밥
1,종말의 발키리
1,히트 & 런
1,스위트 투스: 사슴뿔을 가진 소년
1,바이오하자드: 무한의 어둠
1,라스트 찬스 대학: 바스켓볼
1,"엘리트들, 못다 한 이야기: 사무엘 오마르"
1,초자연 현상의 목격자들: 라틴아메리카
1,"엘리트들, 못다 한 이야기: 구스만 카예 레베"
1,트라이브 오브 유로파
1,불가살
1,범털 2: 쩐의 전쟁
1,십개월의 미래
1,자산어보
1,바람아 안개를 걷어가다오
1,혼자 사는 사람들
1,나츠메 우인장: 이시오코시와 수상한 방문자
1,땅속에
1,14좌 정복: 불가능은 없다
1,펠레
1,"나의 영웅, 카우보이"
1,다비트와 엘프의 크리스마스
1,몬스터 헌터: 길드의 전설
1,도라에몽: 스탠바이미 2
1,사랑의 리조트
1,몬스터 헌터: 길드의 전설
1,도라에몽: 스탠바이미 2
1,"나의 영웅, 카우보이"
1,프라임 타임
1,이상해도 괜찮아
1,다시 찾은 우리
1,뤼마니테 8번지
1,아미 오브 더 데드: 도둑들
1,다이애나: 더 뮤지컬
1,신이 있는 달의 아이
1,에미시다: 상파울루 라이브
1,낙원의 밤
1,졸라
1,스페인 어게인
1,블러드 레드 스카이
1,스위트 걸
1,척살소설가
1,맨발의 승리
1,노바디
1,투게더 투게더
1,여름으로 가는 문 -네가 있는 미래로-
1,로드러너: 어 필름 어바웃 앤서니 보데인
1,올드
1,보스 베이비 2
1,스파이더맨: 노 웨이 홈
1,반짝반짝 달님이
1,제너레이션 56K
1,꾸미는 사랑에는 이유가 있어
1,Casamento às Cegas: Brasil
1,이 구역의 미친 X
1,소피: 웨스트코크 살인 미스터리
1,엘리지 마쓰나가: 그렇게 남편을 죽였다
1,인간실격
1,님아: 여섯 나라에서 만난 노부부 이야기
1,샘의 아들들: 어둠 속으로
1,최강 철인! 금속 공예의 장인들
1,지니 & 조지아
1,대한민국 치킨대전
1,우리 동네 유령 친구들
1,카이드
1,새터데이 모닝 올 스타 히츠!
1,우리는 업쇼 패밀리
1,더 체스트넛 맨
1,엄마는 둘밖에 없지
1,누가 사라를 죽였을까
1,오 마이 펫 스타!
1,종이의 집: 도쿄에서 베를린까지
1,"알고있지만,"
1,세계에서 가장 환상적인 숙소
1,한마 바키
1,블링블링 엠파이어
1,오기는 못말려
1,무직전생 ~이세계에 갔으면 최선을 다한다~
1,호리미야
1,휴먼: 몸의 세계
1,스트레스 제로
1,또 한 번의 여름
1,말하지 못한 이야기: 케이틀린 제너의 순간들
1,히코의 신비한 모험
1,워터맨을 찾아서
1,완벽에서 살짝 모자란
1,슈퍼 미
1,Shadow and Bone - The Afterparty
1,백사2: 청사의 시련
1,나이트북: 밤의 이야기꾼
1,Headspace Unwind you Mind
1,예스 데이!
1,데들리 일루전
1,조나스 브라더스: 패밀리 디스전
1,썬더 포스
1,키티 러브: 고양이에게 바치는 송가
1,왜 나를 죽였지?
1,걸스 오브 막시
1,폴 위의 그녀들
1,링컨의 집에서 살아남기: 더 무비
1,수호 인형
1,니콜 바이어: 크고 아름다운 나
1,나의 흑역사 로맨티카 2
1,이수근의 눈치코치
1,맬컴과 마리
1,바람의 검심 최종장: 더 파이널
1,Lokillo: Nothing's the Same
1,더 홀 트루스
1,존 414
1,부기
1,푸리오자
1,킬링 카인드: 킬러의 수제자
1,할로윈 킬즈
1,별빛 히어로 스타빔: 우당탕탕 새해맞이
1,극장판 바이올렛 에버가든
1,벨파스트
1,극장판 귀멸의 칼날: 무한열차편
1,솔로지옥
1,"엘리트들, 못다 한 이야기: 카를라 사무엘"
1,아머드 사우루스
1,아이 니드 로맨스
1,이웃과의 전쟁
1,합리적 의심: 두 개의 납치 사건
1,내 친구 샤크독
1,쟈니 테스트
1,영 로열스
1,Revelations: The Masters of the Universe: Revelation Aftershow
1,이것은 강도다: 세계 최대 미술품 도난 사건
1,어느 한 세대의 이야기: 프란치스코 교황과 함께
1,감옥은 나의 집: 뉴올리언스
1,사무라이의 시대
1,그들의 왕국
1,어멘드: 미국을 위한 투쟁
1,에덴
1,Mad Crazy Colombian Comedians
1,엘프들
1,이레귤러스
1,와플이랑 모찌랑
1,낫아웃
1,킨
1,치프 대디 2: 전부를 걸어라
1,그 여름의 일주일
1,New Gods: Nezha Reborn
1,칸다사미 따라잡기: 가족 여행
1,포에버 리치
1,바다 탐험대 옥토넛 극장판: 불의 고리 대폭발
1,더 라스트 레터
1,빌로우제로
1,잠든 여인
1,Haroun
1,원 나잇 인 파리
1,댄싱 퀸스
1,Mommy Issues
1,오디블: 우리만의 암호
1,지즈와 앤
1,크랙의 시대: 코카인에 물들다
1,Wang-gug: Bugjjog-ui Asin
1,Cobra Kai - The Afterparty
1,Pokémon the Movie: Secrets of the Jungle
1,너와 나의 이름으로
1,카니발
1,새콤달콤
1,Chris Rock Total Blackout: The Tamborine Extended Cut
1,야쿠자와 가족
1,키싱 부스 3
1,피어 스트리트 파트 2: 1978
1,더 포가튼 배틀
1,저스트 세이 예스
1,씨스피라시
1,여고괴담 여섯번째 이야기: 모교
1,우리 함께 아웃백으로!
1,레지던트 이블: 라쿤시티
1,컬러 러쉬
1,우리는 노래처럼
1,라스트 나잇 인 소호
1,Separation
1,더 스파크스 브라더스
1,미나리
1,패싱
1,기동전사 건담: 섬광의 하사웨이
1,와일드 와일드 퀴즈
1,어드벤처 비스트: 기묘한 동물의 세계
1,"영화, 보기의 미학"
1,아론녹
1,"영화, 보기의 미학"
1,마르타는 어디에
1,He-Man and the Masters of the Universe
1,오픈 유어 아이즈
1,배드 스포츠: 조작된 승부
1,글로리아
1,우리는 고양이 집사
1,아론녹
1,미래일기
1,은밀한 회사원
1,달려라 멍멍아!
1,타이거 킹: 닥 앤틀의 위험한 사파리
1,리멤버 유
1,어프렌티스: 원 챔피언십 에디션
1,먹보와 털보
1,데이비드 애튼버러: 생명의 색을 찾아서
1,우주의 영웅들: 새로운 진실
1,"프레시, 프라이드 & 크리스피"
1,싸우자 귀신아
1,크라임 스토리: 인도의 형사들
1,카르마의 세상
1,콜턴의 커밍아웃
1,섀도우 앤 본
1,"마크, 메리 & 섬 아더 피플"
1,극장판 콩순이: 장난감나라 대모험
1,인질
1,레드 노티스
1,W 살인사건
1,우먼 인 윈도
1,일곱 개의 대죄: 빛에 저주받은 자들
1,돌리 파튼: 그녀를 위한 콘서트
1,시큐리티
1,지구 최후의 아이들: 대재앙 생일 파티
1,Django & Django
1,페이트: 윙스의 전설 - 애프터파티
1,퍼펙트 핏
1,폭포
1,네이트 바가치: 가장 보통의 미국인
1,아미 오브 더 데드
1,호문쿨루스
1,Making The Billion Dollar Code
1,래비드 스페셜: 엽기토끼의 화성 미션
1,더블 파파
1,당신과 자연의 대결: 얼어붙은 기억
1,알로하! 오하나를 찾아서
1,아웃사이드 더 와이어
1,겉보기엔 멀쩡한 남자
1,장르만 로맨스
1,스펜서
1,러브 미 인스테드
1,컨버전스: 위기 속의 용기
1,퍼펙트 케어
1,아빠가 되는 중
1,더 길티
1,울프
1,로빈 로빈
1,철없는 녀석들
1,베스트셀러
1,이스케이프 룸 2: 노 웨이 아웃
1,로베르토 바조: 말총머리의 판타지스타
1,분노의 질주: 더 얼티메이트
1,하트가 빛나는 순간
1,한글용사 아이야
1,혼인 신고서에 도장을 찍었을 뿐인데
1,누군가는 거짓말을 하고 있다
1,우주 히어로 키드
1,A Tale Dark & Grimm
1,하이 온 더 호그: 흑인 음식은 어떻게 미국을 바꿔 놓았는가
1,"엘리트들, 못다 한 이야기: 오마르 안데르 알렉시스"
1,컬러로 보는 제2차 세계대전: 승리를 향한 여정
1,파트마
1,오징어 게임
1,Dive Club
1,스파이크래프트
1,끝까지 파헤친다: 비르기트 마이어 실종 사건
1,Surviving Death
1,일하는 세포 BLACK
1,사티아지트 라이 단편 걸작선
1,실연당한 이들을 위한 별자리 가이드
1,방콕 브레이킹
1,애흔미미 : 맛있는 로맨스
1,"힐다, 산속의 왕과 마주치다"
1,송가인 더 드라마
1,러브 하드
1,The Characters of the Continent
1,Johnny Test's Ultimate Meatloaf Quest
1,비탄의 정글
1,제삼자
1,염소를 잡아라
1,당신과 자연의 대결: 사파리 대탈주
1,크리스마스 스위치: 로맨싱 스타
1,페리
1,미국 소녀
1,기적
1,알리와 퀸스의 여왕들
1,우리는 모두 어른이 될 수 없었다
1,Jimmy Carr: His Dark Material
1,바람의 검심 최종장: 더 비기닝
1,토니 파커: 마지막 슛
1,사기를 쳐라
1,당신의 눈을 속이다: 세기의 미술품 위조 사건
1,라이드 오어 다이
1,완벽한 가족이 되는 법
1,아사쿠사 키드
1,그 숲에선 누구도 잠들 수 없다 2
1,사서함 1142: 미국의 비밀 나치 수용소
1,말하지 못한 이야기: 경쟁에서 전쟁으로
1,Cem Yılmaz: Diamond Elite Platinum Plus
1,실라를 찾아서
1,피어 스트리트 파트 3: 1666
1,클래스메이트 마이너스
1,롱 위켄드
1,쇼 미 더 파더
1,크리스마스로 불리는 소년
1,멸종은 싫어!
1,스몰 엔진 리페어
1,베놈 2: 렛 데어 비 카니지
1,피터 래빗 2: 파 프롬 가든
1,원샷
1,욘욘+엘리사베트
1,Brave Animated Series
1,다 잘될 거야
1,섹시파이
1,자이바!
1,크리스마스 플로우
1,사건 파일 하이스트
1,5인의 후아나
1,라디오 마켓: 대박을 향해 뛰어라
1,셀링 탬파
1,봄베이 우먼
1,유 돈 노우 미
1,루나 파크
1,천공 침범
1,나빌레라
1,맘 편한 카페
1,"카운트다운: 인스퍼레이션4, 우주로 향하다"
1,애니멀
1,도타: 용의 피
1,아빠 때문에 못 살겠다!
1,시지프스 : the myth
1,피치 오브 타임
1,그 여자와 그 남자
1,더 디그
1,파워 오브 도그
1,싱린의원
1,뉴스 오브 더 월드
1,아노니마
1,Bling Empire - The Afterparty
1,말하지 못한 이야기: 브레이킹 포인트
1,사기의 제왕
1,살인자의 기억: 데니스 닐슨 테이프
1,제8일의 밤
1,반딧불이를 본 적이 있나요?
1,The Circle: The Afterparty
1,애프터매스
1,2
1,퀸스 갬빗 비하인드 스토리
1,오직 그대와
1,악어소년 알로
1,더 퍼지: 포에버
1,데드락: 라스트 리벤지
1,알피니스트: 마크-앙드레 르클렉
1,보이저스
1,레드 로켓
1,극장판 마이 리틀 포니: 새로운 희망
1,아메리칸 언더독
1,킬러의 보디가드 2
1,내 친구 안네 프랑크
1,돌싱글즈
1,토요일은 밥이 좋아
1,Kayko and Kokosh
1,죽어도 웨딩
1,빌리언 달러 코드
1,나이트 스토커: 연쇄살인범을 추적하다
1,카피타니
1,"빌리 밀리건, 24개의 인격을 가진 남자"
1,이지머니
1,뿌이뿌이 모루카
1,내일 지구가 망해버렸으면 좋겠어
1,Shaman King
1,뜻밖의 살인자
1,파이어플라이 레인
1,악어소년 알로: 아이 러브 뉴욕
1,네벵카: 침묵을 깨고
1,나스카 크루
1,괴물사변
1,스쿨 오브 초콜릿
1,섹스/라이프
1,더 체어
1,비밀의 집: 부라리 일가 사망 사건
1,Shadowplay
1,"엘리트들, 못다 한 이야기: 파트리크"
1,용루각 2: 신들의 밤
1,타다: 대한민국 스타트업의 초상
1,만년이 지나도 변하지 않는 게 있어
1,신들의 봉우리
1,브레이킹 바운더리: 지구의 과학
1,아들의 이름으로
1,크리스마스 캐슬
1,퍼프: 산호초의 경이로움
1,위시유
1,신의 손
1,알려지지 않은 이야기
1,얼떨결에 스타트업
1,"마이 브라더, 마이 시스터"
1,모 애머: 나는 텍사스의 모하메드다
1,마담 클로드
1,피터 태철: 세상이 미워한 남자
1,가타오 외전 - 최후의 방랑자
1,준 & 코피: 나의 영원한 두 친구
1,미니멀리즘: 오늘도 비우는 사람들
1,고스트 랩
1,Stuck Apart
1,어 캅 무비
1,리버 러너
1,베킷
1,트롤헌터: 라이즈 오브 타이탄
1,파더 크리스마스 이즈 백
1,미치도록 사랑해
1,비보의 살아있는 모험
1,미첼 가족과 기계 전쟁
1,보 번햄: 못 나가서 만든 쇼
1,어 마우스풀 오브 에어
1,내 친구 샤크독: 파닥파닥 판타스틱 핼러윈
1,웻 시즌
1,공작도시
1,"아적시대, 니적시대"
1,오드 택시
1,Plastic Cup Boyz: Laughing My Mask Off!
1,디스 이즈 팝
1,오사카 나오미: 정상에 서서
1,블로잉: 유리 아트 크리스마스
1,도전! 모텔리어
1,노이마트 사람들
1,에덴즈 제로
1,더 서펀트
1,바다 탐험대 옥토넛: 육지수호 대작전
1,Q-포스
1,무브 투 헤븐: 나는 유품정리사입니다
1,신나는 글자축제: 수학이 좋아!
1,도시인처럼
1,낡은 것들의 힘
1,라켓소년단
1,일본 침몰 -희망의 사람-
1,Black Space
1,IDOL [아이돌 : The Coup]
1,넌 왜 그래?
1,결혼할까 집을 살까?
1,결백
1,펭귄 타운
1,폭군이 되는 법
1,Top Secret UFO Projects: Declassified
1,슈마허
1,영혼 사냥
1,위시 드래곤
1,"세 자매, 달리다"
1,나이트 티스
1,"그 여름, 파도가 일었다"
1,아추리 - 웸블리로의 여정
1,블루 미라클
1,바르트코비아크
1,케이트
1,1999 런던 테러: 네일 보머의 진실
1,교환학생 다이어리
1,블랙 아일랜드
1,Phil Wang: Philly Philly Wang Wang
1,LOL 서프라이즈: 더 무비
1,유체이탈자
1,수업시대
1,내 친구들은 모두 죽었다
1,펭귄 블룸
1,브리트니 VS 스피어스
1,아무도 살아서 나갈 수 없다
1,랜드
1,리틀 빅 마우스
1,허드 앤 씬
1,모가디슈
1,Love or Money
1,언포기버블
1,캘리포니아 크리스마스: 도시의 불빛
1,Love or Money
1,저널 포 조던
1,캘리포니아 크리스마스: 도시의 불빛
1,고스트 버스터즈 라이즈
1,더 레이싱: 불타는 서킷
1,The Witcher: Nightmare of the Wolf
1,구경이
1,식샤를 할까요
1,크라임 씬: 타임스 스퀘어 킬러
1,어느 마약 운반책의 고백
1,댓 걸 레이 레이
1,마야와 3인의 용사
1,투 핫! 브라질
1,콜로니아: 사악한 믿음의 마을
1,백스피릿
1,라장스: 드림하우스로 초대합니다
1,겁쟁이 고양이들의 모험
1,우리는: 브루클린 세인츠
1,인간이란: 매직쇼 스페인
1,익스플레인: 돈을 해설하다
1,Pitta Kathalu
1,화등초상
1,극장판 미소녀 전사 세일러 문 이터널
1,스카이 로호
1,Blippi Wonders
1,코요테 스카우트
1,퍼시픽 림: 어둠의 시간
1,빈센조
1,비밀의 도시
1,벗어던지고 자유롭게
1,"섹스, 러브, 웰빙 실험실"
1,삶이 우리를 갈라놓을 때까지
1,헤드스페이스: 숙면이 필요할 때
1,사랑인가 봐
1,미스핏: 더 시리즈
1,사랑의 진실게임
1,습도 다소 높음
1,The Hand of God: Through the Eyes of Sorrentino
1,샤이니_플레이크스: 나는 십 대에 마약왕이 됐다
1,구겨진 인생들
1,나의 집은 어디인가
1,137발의 총성
1,삼키고 삼키며
1,우리 세 사람
1,비기: 할 말이 있어
1,감당 불가 크리스마스
1,샤이니_플레이크스: 나는 십 대에 마약왕이 됐다
1,구겨진 인생들
1,Theo Von: Regular People
1,마마적신기소자
1,꽃들의 집: 더 무비
1,The Hand of God: Through the Eyes of Sorrentino
1,인생은 트리방가처럼
1,블록 아일랜드 사운드
1,아메리카: 영화 같은 이야기
1,더 스웜
1,그녀의 조각들
1,너를 찾아서
1,스케이터 걸
1,그리고 내일은 온 세상이
1,너를 죽이고
1,아이
1,이즐라
1,SAS 특수부대: 라이즈 오브 블랙 스완
1,라비드
1,우당탕탕 은하안전단
1,모르몬교 살인사건
1,걸 프롬 오슬로
1,제로 칠
1,비하인드 허 아이즈
1,코미 양은 커뮤증입니다
1,선택! 나의 섹시 비스트
1,빅 데이: 대단한 결혼식
1,끝나지 않은 의혹:  웨스팔 사건의 진실
1,트레세: 도시의 수호자
1,냉면 랩소디
1,너는 나의 봄
1,개비의 매직 하우스
1,고질라: 싱귤러 포인트
1,영원히 사라지다
1,극주부도
1,트랜스포머: 워 포 사이버트론: 그들의 왕국
1,원 포 더 로드
1,로그 인 벨지움
1,사랑하는 기생충
1,음양사: 청아집
1,다마카: 더 테러 라이브
1,나를 사로잡은 그대
1,사르다르의 손자
1,민날 무랄리
1,저승까지 파티피플!
1,나는 어떻게 슈퍼히어로가 되었는가
1,앤젤리나의 여행
1,내가 그 소녀들이다
1,프로세션: 치유의 행진
1,베나지르를 위한 세 개의 노래
1,상티넬
1,더 하더 데이 폴
1,Michael Che: Shame the Devil
1,내가 소피아 로렌이라면?
1,"가버려라, 2021년"
1,갱스터라 불린 사나이
1,아미나: 전사의 이름
1,존재감 없는 소녀의 고백
1,몬스터
1,마릴린의 눈은 검다
1,히즈 올 댓
1,라스트 파라디소
1,Dad Stop Embarrassing Me - The Afterparty
1,트레세: 애프터 다크
1,더 라스트 머시너리
1,브라이언 리건: 온 더 록스
1,"바비: 빅 시티, 빅 드림스"
1,스토어웨이
1,집필 불가! 각본가 케이스케 씨의 각본 없는 인생
1,기지적상반장
1,"엘리트들, 못다 한 이야기: 필리프 카예 펠리페"
1,우리 이혼합니다
1,알라와비 여고
1,인생은 언제나 파티!
1,Abla Fahita: Drama Queen
1,언더 파이어
1,러셀 하워드: 윤활제
1,켄타 월드
1,도쿄 리벤저스
1,국민 영수증
1,하우스보트 프로젝트
1,독거 소년 코타로
1,키츠
1,곤도 마리에: 기쁨을 찾아라
1,멍멍이 우주 탐사대
1,결혼작사 이혼작곡
1,아기 장사 빔: 연날리기 축제
1,베이킹 임파서블
1,주피터스 레거시
1,우리 개를 도와줘!
1,해적 왕국의 황금시대
1,재규어
1,우라미치 선생님
1,더 원
1,고요의 바다
1,더 메이드
1,딥워터
1,유로비전 송 콘테스트: 파이어 사가 스토리
1,더 스트롱홀드
1,오늘부터 로그아웃
1,실버 스케이트
1,해나 개즈비: 나의 더글러스
1,Jo Koy: In His Elements
1,The Lockdown Plan
1,디 올드 웨이즈
1,아메리칸 머더: 이웃집 살인 사건
1,Pete Davidson: Alive from New York
1,뛰뛰빵빵! 코리의 여름 캠프
1,두 번째 기회: 새로운 경쟁
1,숀 멘데스: 라이브 인 콘서트
1,벨벳 컬렉션: 그랜드 피날레
1,Youth v Gov
1,커런트 워
1,AK 대 AK
1,커런트 워
1,날씨의 아이
1,레이니 데이 인 뉴욕
1,티시태시
1,랑전하
1,비어 브라더스
1,화이트 라인
1,"나는 살인자다: 출소, 그 후"
1,원티드: 세계 최악의 수배자들
1,러브 앤 아나키
1,뛰뛰빵빵! 코리의 모험
1,떴다#스니커헤드
1,트랜스포머: 워 포 사이버트론: 지구가 떠오른다
1,판데믹: 인플루엔자와의 전쟁
1,도도솔솔라라솔
1,배드 엑소시스트
1,(아는 건 별로 없지만) 가족입니다
1,미다스의 노예들
1,바다에 약속해
1,디 에디
1,씽 온! 스페인
1,크리스마스를 망치는 방법: 결혼식
1,Rainbow High
1,슛! 반드시 빅리그
1,사랑하는 작고 예쁜 것들
1,일라이자 슐레싱거의 쇼타임!
1,I Do! 결혼 이야기
1,레고 쥬라기 월드 : 더블트러블
1,데카당스
1,Paava Kadhaigal
1,입에서 입으로
1,출동! 드래곤 구조대: 황금드래곤 사냥
1,밥정
1,고양이 집사
1,라스트 데이스 오브 아메리칸 크라임
1,실: 인연의 시작
1,디바
1,프릭스: 원 오브 어스
1,베이비시터를 위한 몬스터 사냥 가이드
1,우리 결혼할까요?
1,워크 잇
1,스펜서 컨피덴셜
1,너에게 가는 열차
1,너에게만 슈퍼히어로
1,해브 어 굿 트립: 기묘한 모험
1,위 아 40
1,클래스 오브 83
1,삼진그룹 영어토익반
1,나는 여기에 없다
1,트루: 워즐 달걀의 날
1,넌 실수였어
1,팬 걸
1,아미트 탄돈: 탄탄하고 돈독한 가족
1,네카: 더 프리티 서펀트
1,헤이터
1,어둠을 보았다
1,올로투레
1,Da 5 블러드
1,마우리시우 메이렐리스: 혼돈의 카오스
1,매지컬: 공주를 웃겨라
1,사라진 소녀들
1,얼터드 카본: 리슬리브
1,레드슈즈
1,언브레이커블 키미슈미트 - 키미 대 교주
1,프린스 코기
1,Fatale
1,드림랜드
1,어나더 라운드
1,띠엔 브로맨스
1,커넥티드: 세상을 잇는 과학
1,경우의 수
1,엠파이어 옥토버페스트
1,야식남녀
1,Bread Barbershop
1,히스토리 101
1,무비: 우리가 사랑한 영화들
1,셀프 메이드: 마담 C. J. 워커
1,드래곤즈 도그마
1,BNA(비엔에이)
1,7번 게이트
1,굿 모닝 베로니카
1,더 리버레이터: 500일의 오디세이
1,라 레볼뤼시옹
1,치어: 승리를 위하여
1,이민자의 나라
1,잠타라: 당첨된 번호입니다
1,헨테파이드
1,희생자 게임
1,"우리, 사랑했을까"
1,스위트홈
1,팔로워들
1,겟 이븐
1,신나는 글자 축제: 노래가 좋아!
1,천보복요록
1,나디야의 행복한 베이킹
1,드림 홈 메이크오버
1,위쳐: 에피소드 속으로
1,로크 앤 키
1,어둠 속으로
1,플레이북: 게임의 법칙
1,오 마이 파더!
1,비르 다스의 방구석 코미디: 락다운 스페셜
1,록스타처럼!
1,클로디아 키시 클럽
1,마술의 신: 엉망진창 크리스마스
1,포켓몬스터 극장판 - 뮤츠의 역습 EVOLUTION
1,RattleSnake: The Ahanna Story
1,캘리포니아 크리스마스
1,마크 매런: 빌어먹을 종말 따위
1,케빈 하트: 그러거나 말거나
1,블랙홀: 사건의 지평선에서
1,인투 더 딥: 어느 발명가의 살인
1,데이브 샤펠의 날: 마크 트웨인 유머상 수상 기념 스페셜
1,테일러 톰린슨: 반半중년의 위기
1,살인에서 석방까지: 신토이아 브라운
1,내 친구 청소차의 크리스마스
1,공중돌기 너머 2
1,시리어스 맨
1,알렉스 페르난데스: 세계 최고의 코미디언
1,69세
1,해변의 밀프
1,"마 레이니, 그녀가 블루스: 못다 한 이야기"
1,애비규환
1,뷰티풀 데이 인 더 네이버후드
1,테슬라
1,인퍼머스
1,러브 송
1,사랑은 계속될 거야 어디까지나
1,1호가 될 순 없어
1,수터블 보이
1,영혼 신부
1,퍼펙트 크라임: 로베더 암살 사건
1,미들디치 & 슈워츠
1,마지막 한마디
1,미드나잇 호러 미션
1,더 서클: 브라질
1,더 서클: 프랑스
1,무브
1,인간수업
1,위 아 더 챔피언
1,아우터 뱅크스
1,반교: 디텐션
1,삼겹살 랩소디
1,안티 도나의 빅 올드 펀 하우스
1,아리스 인 보더랜드
1,더 시스템
1,루나 네라
1,어웨이
1,우린 제법 안 어울려요
1,추억의 검정고무신
1,돌멩이
1,히트맨
1,피어리스
1,성혜의 나라
1,남산의 부장들
1,DJ 신데렐라
1,서바이벌 캠프
1,리초네의 태양 아래
1,The Prom
1,댄스 드림: 핫 초콜릿 호두까기 인형
1,댄스 드림: 핫 초콜릿 호두까기 인형
1,리초네의 태양 아래
1,비르 다스: 인도로 인도할게
1,The Prom
1,와스프 네트워크
1,세르지우
1,디스클로저
1,메넨데스: 구마의 기록
1,The Most Dangerous Man in Europe
1,GIMS: 온 더 레코드
1,보이즈 인 더 밴드: 우리만의 이야기
1,커피 & 카림
1,안젤라의 크리스마스 소원
1,비바리움
1,"아리아나 그란데: 익스큐즈 미, 아이 러브 유"
1,더 매치
1,올드 가드
1,출동! 드래곤 구조대 - 송윙 드래곤의 비밀
1,더 먹고 가(家)
1,부활
1,The Possessed
1,이태원 클라쓰
1,뽀로로 동화나라
1,영 월랜더
1,재판
1,네버 해브 아이 에버
1,기리 / 하지
1,그리고 베를린에서
1,에이제이 & 퀸
1,타이거 킹: 무법지대
1,와일드 하우스: 주인의 자격
1,디마커스 패밀리 룰
1,버디와 함께
1,주걸륜의 주유기
1,"발리우드 와이프, 발리우드 라이프"
1,반요 야샤히메
1,아기 장사 빔: 알록달록 오색 축제
1,줄리 앤 팬텀스
1,브리저튼
1,더 서클
1,메시아
1,빅 쇼 패밀리
1,블라이 저택의 유령
1,스핀 아웃
1,더 리퍼
1,클로즈 이너프
1,바람과 구름과 비
1,네 번째 재판
1,구마진군
1,나 홀로 그대
1,쿠론의 종소리
1,스펙트로스
1,이장
1,Kizoku Kourin: Prince of Legend
1,기도하는 남자
1,초미의 관심사
1,"시, 나리오"
1,문신을 한 신부님
1,노래는 너의 것
1,반쪽의 이야기
1,별빛 히어로 스타빔: 핼러윈을 구하라!
1,인투 더 비트
1,"러브, 개런티드"
1,라 테르
1,말리부 주니어 구조대: 넥스트 웨이브
1,비트를 느껴봐
1,"롭 슈나이더: 아시안 마마, 멕시칸 키즈"
1,카난 길: 미래의 나에게
1,존의 컨택트
1,토르바즈
1,여귀교
1,카르멘 산디에고 - 훔치느냐 마느냐
1,크립 캠프: 장애는 없다
1,빅플로 앤 올리: 힙합에 미치다
1,제리 사인펠드 - 23시간 죽이기
1,나는 고발한다
1,Michelle Buteau: Welcome to Buteaupia
1,정직한 후보
1,콜
1,위험한 거짓말들
1,내 이름은 키티
1,검객
1,기묘한 가족
1,워 위드 그랜파
1,유턴: 필리핀판
1,슬립오버
1,사라진 탄환
1,뛰뛰빵빵! 코리의 핼러윈
1,우리 이혼했어요
1,뽕숭아학당
1,베탈: 악마의 군단
1,주온: 저주의 집
1,도로헤도로
1,서전스 컷: 수술대 위의 개척자들
1,신은 나에게 직장을 주어야 했다
1,하이에나
1,의적 얀 더리흐터
1,공각기동대 SAC_2045
1,리얼리티 Z
1,레이디스 업
1,트랜스포머: 워 포 사이버트론: 포위 작전
1,세븐시즈
1,나쁜 아이들
1,내 친구 청소차
1,작은 존재들
1,사이코지만 괜찮아
1,제프리 엡스타인: 괴물이 된 억만장자
1,군함의 시대
1,"겨우, 서른"
1,맛있게 취하라!
1,이야기가 시작되는 북마크: 세상에 울려 퍼지는 블랙 보이스
1,더 킹：영원의 군주
1,킹스 오브 요버그
1,뱀파이어들
1,노는 언니
1,보이스 오브 파이어
1,라테와 마법의 돌
1,"가버려라, 2020년"
1,아빠를 찾습니다
1,크리스마스 스위치 - 한 번 더 바꿔?
1,아빠를 찾습니다
1,크리스마스 스위치 - 한 번 더 바꿔?
1,크리스마스 연대기: 두 번째 이야기
1,"가버려라, 2020년"
1,소리도 없이
1,이것은 게임이 아니다
1,스펠링 챔피언을 향하여
1,샘 제이: 새벽 3시의 수다
1,검은 우물
1,배드 헤어
1,숀 멘데스 스토리
1,올 데이 앤 어 나이트
1,The Rope Curse 2
1,"예스, 발레!"
1,Eric Andre: Legalize Everything
1,"우리, 함께"
1,사랑은 비처럼
1,터지기 전에
1,유죄
1,마리 퀴리
1,숀더쉽 더 무비: 꼬마 외계인 룰라!
1,뱅가드
1,나는 100만 명의 목숨 위에 서 있다
1,노블레스
1,Twenty Your Life On
1,예스터데이를 노래하며
1,사생활
1,칼리프의 나라
1,누나의 첫사랑
1,이지의 코알라 월드
1,아무도 모르게 그녀가 죽었다
1,오 마이 베이비
1,별빛 히어로 스타빔
1,배드 빌리어네어: 인도
1,Seulgiroun Euisasaenghal
1,익스플레인: 코로나바이러스를 해설하다
1,아름다웠던 우리에게
1,이케부쿠로 웨스트 게이트 파크
1,스페이스 포스
1,주술회전
1,저주받은 소녀
1,주술회전
1,도전! 꽃들의 전쟁
1,셀레나
1,씽 온! 미국
1,For Life
1,이케부쿠로 웨스트 게이트 파크
1,아니타: 오노리우의 별
1,미드나잇 가스펠
1,런 온
1,Twogether
1,리버레이션: 천진 대전투
1,내 사랑 싸가지: 태국판
1,오버 더 문
1,트립 투 그리스
1,Love the Way U Lie
1,홀리데이트
1,"아버지, 군인, 아들"
1,파라메딕 앙헬
1,킬러 와이프
1,가족의 죄
1,낯설고 먼
1,네 마음에 새겨진 이름
1,힐빌리의 노래
1,루나를 위한 기도
1,목소리들
1,소셜 딜레마
1,#살아있다
1,버트 크라이셔: 헤이 빅 보이
1,밤은 혼자다
1,종이의 집: 신드롬이 된 드라마
1,365 Days
1,미스 아메리카나
1,블랙핑크: 세상을 밝혀라
1,호구 남친 클리닉
1,자기 앞의 생
1,고스트 스토리
1,어부의 딸
1,PNL 투어: 전설 속으로
1,레슬리 존스: 타임머신
1,강철비 2: 정상회담
1,블루 스토리
1,원 세컨드
1,러브 앤 몬스터스
1,"내 어깨 위 고양이, 밥 2"
1,신기한 스쿨 버스 2: 프리즐 선생님이 셋?
1,로보카폴리 쏭쏭뮤지엄
1,발명왕 봉봉이
1,그레이트 프리텐더
1,세기의 도둑들
1,나의 특별한 힐링 친구
1,킬러 인사이드: 아론 에르난데스는 왜 괴물이 되었나?
1,연애 실험: 블라인드 러브
1,멈출 수 없어
1,Spy Queen
1,송 익스플로더: 음악 완전 정복
1,언웰: 웰빙의 배신
1,셰프의 테이블: 바비큐
1,Patton Oswalt: I Love Everything
1,컨트리 에버 애프터
1,요즘 육아 금쪽같은 내새끼
1,악의 꽃
1,베이비시터 클럽
1,펠리페 에스파르사: 실수는 나의 것
1,틴에이지 바운티 헌터스
1,중독의 비즈니스
1,"100인, 인간을 말하다"
1,아이 엠 낫 오케이
1,Booba: Food Puzzle
1,익스플레인: 투표를 해설하다
1,네가 남긴 혼돈
1,2게더 더 시리즈
1,미스터 보스
1,악마는 사라지지 않는다
1,미스터 주: 사라진 VIP
1,고스트 오브 워
1,히어로는 없다
1,뛰뛰빵빵! 코리의 크리스마스
1,데이비드 애튼버러: 우리의 지구를 위하여
1,바다 탐험대 옥토넛 극장판: 대산호초 보호작전
1,미드나잇 앳 매그놀리아
1,사냥의 시간
1,우리의 목소리가 울려 퍼지면
1,마사미르: 과학 소녀 다나와 세 친구
1,히어로는 없다
1,뛰뛰빵빵! 코리의 크리스마스
1,더 링크
1,나의 집으로
1,"마리셀라 에스코베도, 세 번의 죽음"
1,지구의 밤: 어둠 속의 카메라
1,그 숲에선 누구도 잠들 수 없다
1,오케이 마담
1,아그네스를 찾아서
1,바이올렛 에버가든 외전: 영원과 자동수기인형
1,살육 호텔
1,러브버드
1,호스 걸
1,톰 파파: 중박 라이프
1,타오르는 여인의 초상
1,어니스트 씨프
1,울고 싶은 나는 고양이 가면을 쓴다
1,정글랜드
1,Re:ZERO -Starting Life in Another World- Director's Cut
1,운색과농
1,에일리언 TV
1,밀리언 달러 비치 하우스
1,더 서치: 사라진 아이
1,하이바이 마마
1,익스플레인: 섹스를 해설하다
1,배틀박스의 서던 서바이벌
1,라 리네아: 나르코의 그림자
1,마술의 신
1,청춘은 강펀치
1,경이로운 소문
1,위저드: 아카디아의 전설
1,버트 크라이셔의 자연인 프로젝트
1,빅 코미디 크로스오버: 시트콤 스페셜
1,씽 온! 독일
1,설국열차
1,2806호 스캔들: 진실 공방
1,잔반 메이크오버
1,그랜드 아미
1,필 굿
1,블러드 & 워터
1,대시 & 릴리
1,바이오해커스
1,너의 시선이 머무는 곳에
1,용루각: 비정도시
1,요가학원: 죽음의 쿤달리니
1,셰이프 오브 뮤직: 알렉상드르 데스플라
1,해변의 에트랑제
1,빤스맨과 메가 카리스마스
1,윌러비 가족
1,대지에 입맞춤을
1,LA 오리지널
1,슈퍼 몬스터: 몬스터들의 날
1,더 플랫폼
1,타이거테일
1,사탄의 베이비시터: 킬러 퀸
1,트루: 친구가 되어줄게
1,스피드 큐브의 천재들
1,딕 존슨이 죽었습니다
1,어질라 칼슨: 루저를 리스펙트!
1,와인을 딸 시간
1,사카라 무덤의 비밀
1,Michael McIntyre: Showman
1,알고리즘의 편견
1,프록시마 프로젝트
1,큐티스
1,미셸 오바마의 비커밍
1,고독의 맛
1,스카이 하이
1,위쳐의 탄생: 메이킹
1,미래마마
1,못 말리는 어린양 숀: 농장 대모험
1,부부의 세계
1,안녕 여름
1,마약 스캔들의 재구성
1,메디컬 폴리스
1,하이 스코어
1,블러드 오브 제우스
1,마법버스 타요
1,마약 스캔들의 재구성
1,메디컬 폴리스
1,크리스마스는 가족과 함께
1,결혼 대신 자가격리
1,드라큘라
1,베이비스: 눈부신 첫해
1,미스터 크리스마스의 홈 메이크오버
1,스위트 매그놀리아
1,Ragnarok
1,옥토버 팩션
1,타지마할 1989
1,레녹스힐 닥터스
1,풀리지 않은 미스터리
1,할아버지의 캔버스
1,신해석 삼국지
1,솔 레반테
1,보스 베이비: 우리 아기를 찾아라!
1,Four Sisters Before the Wedding
1,징글 쟁글: 저니의 크리스마스
1,위험한 만남
1,익스트랙션
1,나의 문어 선생님
1,크리스마스에 날아갑니다
1,오늘도 크리스마스
1,어리고 아리고 여려서
1,경찰과 도둑
1,안드레와 올리브 나무
1,브레이브 블루 월드: 물의 위기를 해결하라
1,매직 마스크 레슬러
1,톰 세구라: 탐스런 두 볼
1,꽉 막힌 여자: 돈돈돈
1,불불
1,George Lopez: We'll Do It for Half
1,에놀라 홈즈
1,키싱 부스 2
1,데이비드 포스터: 오프 더 레코드
1,"안녕, 전학생"
1,결백
1,나이스 걸 라이크 유
1,마더
1,아들에게
1,스펠
1,범털
1,퍼킷 리스트
1,크리스마스엔 죽인다
1,인헤리턴스
1,반도
1,뛰뛰빵빵! 코리의 모험: 크리시 댄스
1,쫑알쫑알 똘똘이
1,개미는 오늘도 뚠뚠
1,파리지앵 파리: 내 안의 프렌치
1,도전! 용암 위를 건너라
1,길 위의 셰프들: 라틴아메리카
1,챌린저: 마지막 비행
1,이둔의 기억
1,결백의 기록
1,쥬라기 월드: 백악기 어드벤처
1,죽음의 진통제
1,Cocomelon
1,마사바와 마사바
1,선왕의 일상생활
1,미국은 슐츠가 살린다
1,발할라 살인
1,에토스
1,지구의 밤
1,게이브리얼의 죽음: 누구의 책임인가?
1,세계 스포츠 열전
1,Tobot Galaxy Detectives
1,공포 도시: 마피아와의 전쟁
1,파티셰를 잡아라! 독일
1,스푸키즈 극장판 : 비밀과외
1,벌새
1,사이다처럼 말이 톡톡 솟아올라
1,정도
1,바다 탐험대 옥토넛 극장판: 해저동굴 대탈출
1,미드나이트 스카이
1,"눈부신 세상 끝에서, 너와 나"
1,The Magic School Bus Rides Again: Kids in Space
﻿2,비하인드 컷
2,윤시내가 사라졌다
2,단'ㅅ 패밀리 남바완
2,감동주의보
2,오싹한 동거
2,배우는 캠핑짱
2,만복식당
2,고양이 쉐어하우스
2,이시코와 하네오 - 그런 일로 고소합니까? -
2,보물여지도
2,인비저블
2,정체
2,아적애여성진
2,웃는 아르스노토리아 킁!
2,오리엔트
2,언어부
2,천재 왕자의 적자국가 재생술
2,"용사, 그만둡니다"
2,3.5 교시
2,우연히 봄
2,복지식당
2,퇴마법의관
2,슈퍼 리그: 축구의 종말
2,맥스 앤 폭스터
2,갓길로 달리는 코뿔소
2,살아있는 시체들의 숲
2,저를 주인공으로 한 만화를 그려주세요! 그것을 드라마화까지 해 버립니다!!
2,가디언즈 오브 툰드라
2,문제적 탐정사무소
2,나대지마 심장아
2,건강한 참견
2,Cherry Blossoms After Winter
2,"나의 계절에게: 봄, 박재찬 편"
2,역전의 한방
2,도원차트
2,겉과 속이 다른 해석남녀
2,여행의 맛
2,연애 플롭스
2,CUE!
2,"내 운명, 새로고침"
2,히로인 된 자! ~미움받는 히로인과 비밀스러운 일~
2,명일방주 [여명의 전주곡]
2,군청의 팡파르
2,쿠노이치 츠바키의 속마음
2,인사이드 리릭스
2,너에게 가는 속도 493km
2,괴인 개발부의 쿠로이츠 씨
2,올드 패션 컵케이크
2,악역 영애이기 때문에 최종 보스를 길러보았습니다
2,창란결
2,"부부 이상, 연인 미만."
2,인연을 긋다
2,목격자를 남기지 마라
2,파나마
2,뒤틀린 집
2,공자독총와장처 : 스파이를 잡아라
2,댕벤져스 아카데미
2,우리들의 남진
2,평행연애시차
2,돈 라이 라희
2,싱포레스트
2,개나리학당
2,로컬식탁
2,두 명의 우주
2,리아데일의 대지에서
2,후궁의 까마귀
2,블루 록
2,2022 신상해탄
2,The Silent Party
2,나의 촛불
2,더트롯 연예뉴스
2,멍키시티
2,친애하는 나에게 살의를 담아
2,호캉스 말고 스캉스
2,책벌레 공주
2,트래블리
2,용감한 형사들
2,사사키와 미야노
2,도쿄 24구
2,보통의 용기
2,언더 샤크
2,내 몸을 바꾸는 시간
2,나의 영웅
2,독녀군미견 : 그와 그녀의 비밀
2,원래시로사아! : 알고 보니 선생님이셨군요!
2,4명은 각자 거짓말을 한다
2,러브 올 플레이
2,미래를 향한 10 카운트
2,"러브, 다이닝"
2,반지의 기사
2,귀엽기만 한 게 아닌 시키모리 양
2,흑의 소환사
2,대통령 정약용
2,모짜르트의 한 방
2,트로트는 인생이다
2,존경하고 사랑하는 국민여러분
2,아-하: 테이크 온 미
2,그날
2,드라이버
2,"인생을 담다, 명인"
2,신과 한판
2,우리들의 트로트
2,빙상의 신
2,첫사랑 만 세번째
2,가족관계증명서
2,스토리추적 M
2,국민가수 갈라쇼
2,건강한 가출 동거인
2,히루
2,오픈런
2,전설끼리 홀인원 : 축구부 vs 농구부
2,"나는 SOLO 그 후, 사랑은 계속된다(나솔사계)"
2,그래도 아유무는 다가온다
2,풋살 보이즈!!!!!
2,스폰서
2,금생유니
2,"사상 최강의 대마왕, 마을 사람 A로 전생하다"
2,첫사랑의 악마
2,스파이 패밀리
2,아바드림
2,한화이글스: 클럽하우스
2,바람의 남자들
2,해밍턴家(가) 꿈의 옷장
2,어른들은 모르는 고딩엄빠
2,미스터리 듀엣
2,"아내, 초등학생이 되다."
2,보스 따님과 돌보미
2,여성향 게임 세계는 모브에게 가혹한 세계입니다
2,무챠부리! 내가 사장이 되다니
2,미스터리라 하지 말지어다
2,연맹공군 항공마법음악대 루미너스 위치스
2,칭송받는 자 두 명의 백황
2,닌자 잇토키
2,장미왕의 장례 행렬
2,RWBY 빙설제국
2,매미소리
2,뽀로로 극장판 드래곤캐슬 대모험
2,펌킨타임
2,진령사2
2,경아의 딸
2,아이돌레시피
2,국대는 국대다
2,Love Class
2,내일은 영웅 - 깐부 with 박세리
2,풍기농서 : 첩보사
2,버디 윙 -골프 소녀들의 이야기-
2,데아이몬: 화과자 이야기
2,여생 청다지교 : 사랑의 서약
2,천왕조리 : 슈퍼스타 과외하기
2,애들입맛 동치미
2,이세계 미소녀 수육 아저씨와
2,뜨겁게 안녕
2,재불요화노판담연애 : 보스랑 연애 하지 마세요
2,이세계 약국
2,현자의 제자를 자칭하는 현자
2,위대한 침묵
2,불멸의 여신
2,피의 저격수
2,컴백 트레일
2,듀얼: 나를 죽여라
2,심장이 뛴다 38.5
2,인생의 연장전
2,하우스 대역전
2,경쟁의 파수꾼
2,김구라의 라떼9
2,사랑에 빠진 외톨이 : 스탕달의 연애론
2,요즘 젊은 것들은
2,전생 현자의 이세계 라이프 ~두 번째 직업을 얻고 세계 최강이 되었습니다~
2,미스터트롯 영웅들의 탄생
2,정부지간 - Plus & Minus
2,에스타브 라이프 그레이트 이스케이프
2,수상한책방 동서남Book (동서남북)
2,슛! Goal to the Future
2,유니콘을 타고
2,전생했더니 검이었습니다
2,녹을 먹는 비스코
2,퇴마귀멸검
2,Re-BORN(리-본)
2,전투왕
2,그녀의 버킷리스트
2,봄날
2,걸스 걸스 걸스
2,공짜: 공기타짜
2,엄마는 예뻤다
2,특수공인중개사 오덕훈
2,춘정지란
2,못난 남자는 안 되나요?
2,새 엄마가 데려온 딸이 전 여친이었다
2,구름 위를 걷다
2,호적 메이트
2,산하월명
2,지혜를 빼앗는 도깨비
2,혼자서 마실 수 있어!
2,외식하는 날 버스킹
2,마법사의 여명기
2,시맨틱 에러
2,파이팅 송
2,아!나 프리해
2,쿨하고 바보 같은 남자
2,치미모
2,미스트롯 - 영웅들의 탄생
2,힐러 걸
2,뻐꾸기 커플
2,개단 : RESET
2,살애
2,수요일도 밤이 좋아
2,이진제연애 : 1과 0의 로맨스
2,피는 물보다 진하다
2,더 패신저
2,엔드리스
2,조인 마이 테이블
2,에이핑케이션
2,우리들의 쇼10
2,매칭본부 캐취업
2,비밀남녀
2,개인차 있습니다
2,지우개를 준 여자를 좋아하게 되었다
2,이세계 미궁에서 하렘을
2,퍼스트 레이디
2,차시천하
2,체인소 맨
2,축경호
2,리디밍 러브
2,국가수
2,데이트 어 불릿
2,눈에 띄는 그녀들
2,그리스 로마 신화 - 신들의 사생활
2,I Want to Bite You
2,내일은 천재
2,전 남친의 유언장
2,애정응해유적양자
2,"걱정말아요 그대, 변호의 신"
2,"이 힐러, 귀찮아"
2,리코리스 리코일
2,파티피플 공명
2,슬로우 루프
2,사축 씨는 꼬마 유령에게 치유받고 싶어.
2,익스트림 하츠
2,붉은 단심
2,애프터 양
2,룸 쉐어링
2,Re-LOVE(리-러브)
2,신데렐라 2: 마법에 걸린 왕자
2,조선의 사랑꾼
2,동원아 여행가자
2,오! 마이 웨딩
2,아바타싱어
2,오션라이크미
2,아이돌 사생대회
2,Tribe Nine
2,빽 투 더 그라운드
2,천금난도
2,RPG 부동산
2,프리마 돌
2,무작정투어 원하는대로
2,최근 고용한 메이드가 수상하다
2,경쌍성
2,엘리자베타
2,아하렌 양은 알 수가 없어
2,완벽한 도쿄의 맛
2,흑역사 생성기
2,나의 먼 가족
2,신 강시선생
2,천사는 바이러스
2,전장의 피아니스트
2,나의 별에게
2,자이언트 스파이더
2,극장판 아오바의 식탁
2,파이프라인
2,내일의 기억
2,유나바머: 테드 K
2,더 빌리지
2,장아치청
2,유나바머: 테드 K
2,고! 록스!
2,더 매치: 1944
2,큰엄마의 미친봉고
2,애플
2,더스트맨
2,샬러턴
2,스파이즈
2,청춘적니
2,쇼미더고스트
2,보일링 포인트
2,F1: 분노의 질주
2,플랜 A
2,NEW 사랑과 전쟁
2,푸치미쿠♪ D4DJ Petit Mix
2,청춘꼰대
2,방학별주
2,국제부부
2,아수라장
2,불가사의적애정
2,참주화소저
2,디어 프렌즈 - 아적표량붕우
2,나는 SOLO <나는 솔로>
2,매지컬 파티
2,맘마미안
2,TOKYO MER - 달리는 긴급 구명실
2,Be Loved in House 약정~I Do
2,야색암용시
2,장갑 소녀 전기
2,청춘수조위
2,결혼은 미친 짓이야
2,연기꾼
2,변성니적나일천: 네가 된 그날
2,진화의 열매 ~모르는 사이 성공한 인생~
2,최혹적세계
2,니미소시흔미
2,완미적타
2,궁극 진화한 풀다이브RPG가 현실보다도 망겜이라면
2,네메시스
2,"전투원, 파견합니다!"
2,바니타스의 수기
2,B급 청춘
2,러브씩
2,동피철골 : 방세옥
2,신패왕화 : 예스마담
2,귀여운 남자
2,슈퍼문
2,노가리
2,아이들은 즐겁다
2,항마전 2: 흑룡의 부활
2,턴: 더 스트릿
2,스프링 송
2,링: 더 라스트 챕터
2,소설가 구보의 하루
2,R.I.A: 사이보그 그녀
2,뱅드림! 필름 라이브 세컨드 스테이지
2,퀴어영화를 찍는 초보감독을 위한 지침서
2,스웻
2,경계인
2,세상의 모든 디저트: 러브 사라
2,데빌 빌로우
2,화이트 라이
2,기억의 시간
2,소피의 낭만적 연애와 그 후의 일상
2,바디 브로커
2,피어 오브 레인
2,파일럿: 배틀 포 서바이벌
2,뱅퀴시
2,신비한 마법사의 비밀
2,웨이 다운
2,실종: 사라진 아이
2,세상에서 가장 아름다운 소년
2,염라왕이 뿔났다
2,블루버스데이
2,핑크퐁! 열 꼬마 친구들
2,오늘부터 무해하게
2,된다! 뭐든!
2,돈쭐내러 왔습니다
2,골프왕
2,아무튼 출근!
2,언프레임드
2,썰바이벌
2,천국과 지옥~사이코 두 사람~
2,호호생활 : 아름다운 인생
2,천지창조 디자인부
2,군구령
2,불멸의 그대에게
2,일생일세
2,사등
2,미소년 탐정단
2,우리들의 리메이크
2,당가주모
2,헬조선에서 살아남기
2,살인의 형태
2,궤도 이탈자들
2,캐시
2,Do You Need A Husband?
2,고양이에게 밥을 주지 마세요
2,첫날밤과 손가락
2,CCTV
2,당신은 믿지 않겠지만
2,남권: 영웅쟁패
2,망자의 계곡
2,오늘의 초능력
2,방세옥4
2,사보타지 1941
2,이혼을 부르는 말: 탈라크
2,오늘도 참치마요
2,극장판 페이트/그랜드 오더 - 신성원탁영역 카멜롯 - 팔라딘; 아가트람
2,킬러는 메이드 사마
2,봉마전
2,드림 스캐너
2,스파이의 아내
2,오버런: 100만 달러의 사나이
2,라자루스
2,보이스
2,식스 미닛 투 미드나잇
2,갱스터 오브 뉴욕
2,에펠
2,죽여줘 올리비아 : 뱀파이어 킬러
2,핑크퐁! 호기의 탐정사무소
2,핑크퐁! 탐험동요
2,크리켓팡
2,핑크퐁 생활습관송
2,살롱 드 폴
2,청풍랑월화정개 (청풍랑월)
2,송가인이 나는 좋아효
2,샌박의 부장들 2021
2,어슐랭 가이드
2,사쿠라 대전 - 에콜 드 파리
2,사쿠라 대전 - 르 누보 파리
2,사쿠라 대전 - 칸자키 스미레 은퇴 기념
2,정서원나요가애 : 귀여운 프로그래머
2,"니호, 화염람"
2,하선생적연연불망
2,소녀예상
2,아적총물소장군
2,我曾记得那男孩
2,일편빙심재옥호 - 강호의 수사관
2,강철부대
2,변경의 팔라딘
2,"사랑, 그 어디쯤 : 아시진적애니"
2,안녕? 나야!
2,백 텀블링!!
2,더 리슨: 바람이 분다
2,배틀 인 더 박스
2,상류
2,우수무당 가두심
2,어쩌다 가족
2,린다의 가장 완벽한 5개월
2,SSSS.다이나제논
2,세븐나이츠 레볼루션 -영웅의 계승자-
2,베리 브리티쉬 스캔들
2,스테이션 일레븐
2,콩트가 시작된다
2,마블메이트
2,삼생 초월 로맨스 우룡
2,매미
2,백사대전 2
2,다이노 마이 프렌드
2,아라시 20주년 투어 콘서트 5✕20
2,그녀의 가족은 잘못이 없어
2,십개월의 미래
2,지구 최후의 날 2021
2,후드맨
2,고백
2,나츠메 우인장: 이시오코시와 수상한 방문자
2,구원받은 도둑
2,송해 1927
2,제왕나비의 전설
2,스틸워터
2,더 나쁜 녀석들
2,뱅드림! 로젤리아 에피소드 Ⅱ : 송 아이 엠
2,초록밤
2,임플란티드
2,킬러 하이드
2,아마겟돈 2046
2,데미갓
2,애프터 체르노빌
2,척살소설가
2,레벤느망
2,서바이벌리스트
2,제로스 앤 원스
2,그림자 놀이
2,묘묘소나
2,돈되지
2,은밀한 뉴스룸
2,중국석굴주랑
2,핑크퐁! 할로윈 동요
2,반짝반짝 달님이
2,인디한 밤
2,좋좋소
2,배니축풍비상: 너와 함께 비상
2,반경 5미터
2,리모델링 the 셀럽 하우스
2,팔아줘! 홈즈
2,애적이상생활
2,원래시광도기득: 시간은 다 기억해
2,침수화원 : 꿈 속의 화원
2,원래시광도기득: 시간은 다 기억해
2,Blue Reflection Ray
2,조선판스타
2,꾸미는 사랑에는 이유가 있어
2,작열 카바디
2,내 이름은 캐디
2,인해지중우견니: 너를 만나고 사랑한 시간
2,달과 라이카와 흡혈공주
2,대한민국 치킨대전
2,Fairy 란마루 ~당신의 마음을 구해드리겠습니다~
2,극한 고민 상담소 - 나 어떡해
2,와카남
2,산하령
2,메이드 포 러브
2,하코즈메 ~싸워라! 파출소 여자~
2,원더 에그 프라이어리티
2,호리미야
2,역전세계의 전지소녀
2,현실주의 용사의 왕국 재건기
2,경계전기
2,게키돌
2,가남전
2,토이 솔져스: 가짜사나이2 더 컴플리트
2,옥천
2,해피니스
2,퇴마행자
2,그런 일은 일어나지 않았지
2,최선의 삶
2,유 메이크 미 댄스 (영화)
2,Granite
2,스트레스 제로
2,손오공: 더 파이널
2,로스트 인 스페이스: 타이탄의 반격
2,아담
2,트웬티 해커
2,"구라, 베토벤"
2,인싸
2,테이크 백
2,노 맨 오브 갓
2,카운터 어택
2,코비드 21
2,극장판 귀멸의 칼날: 무한열차편
2,에이펙스
2,발신제한
2,퀸핀스
2,러브테크(LOVETECH)
2,포텐독
2,무당일검
2,일진에게 반했을 때
2,디사이드 트로이메라이 THE ANIMATION
2,루브르 종이전쟁
2,월광변주곡
2,문천록
2,맥생적연인: 낯선 연인
2,오-! 마이 ・ 보스! 사랑은 별책으로
2,"슬라임을 잡으면서 300년, 모르는 사이에 레벨 MAX가 되었습니다"
2,손현주의 간이역
2,순환초련
2,비주얼 프리즌
2,"거미입니다만, 문제라도?"
2,당신이 혹하는 사이
2,설중한도행
2,췌서 : 데릴사위
2,옥루춘
2,아머드 사우루스
2,전국방방쿡쿡
2,그녀도 여친
2,WAVE!!~서핑하자!!~
2,"당신을 웃게할 건강 정보, 스마일"
2,2.43 세인고교 남자 배구부
2,가극 소녀!!
2,금요일은 밤이 좋아
2,학교기담: 오지 않는 아이
2,우리는 이별에 서툴러서
2,러브 앤 위시
2,크루아상
2,진실과 거짓 사이
2,언힐러
2,나이키 스캔들
2,마터스 레인: 천사의 눈물
2,쿠르드 솔저
2,더 나이트
2,코드 카림
2,몬테크리스토: 더 뮤지컬 라이브
2,새해전야
2,컬러 러쉬
2,데인저 파크
2,체르노빌 1986
2,지구 최후의 날 2019
2,호프
2,크라이시스
2,허셀프
2,킬링 데이트
2,미나리
2,핑크퐁 한글동요
2,C.T.O 프로젝트 : 더 서바이벌
2,김용명의 쏠쏠한 이중생활
2,인류 문명의 비밀
2,더듬이TV: 우당탕탕 안테나
2,역사스테이 흔적
2,"아시세월니시성진 : 나는 세월, 너는 별"
2,오늘부터 계약연애
2,@계정을 삭제하였습니다
2,팽
2,삼생유행 : Lucky U
2,춘래침성하
2,와일드 와일드 퀴즈
2,전국 무장에게 배우는 살아가는 힘
2,아발란치
2,너의 재생목록
2,나선의 미궁 - DNA 과학수사
2,교약운간월
2,화호월우원
2,반난시광: 그날의 기억
2,최애
2,개미랑 노는 베짱이
2,천고결진
2,당애정우상과학가 : 사랑에 빠진 과학자
2,당애정우상과학가 : 사랑에 빠진 과학자
2,섀도 하우스
2,투라대륙
2,리메인
2,성녀의 마력은 만능입니다
2,서니 보이
2,심야 괴담회
2,약캐 토모자키 군
2,학교 2021
2,두 교수의 은밀한 만남
2,디스 아메리카노
2,이 안에 외계인이 있다
2,빛나는 순간
2,간이역
2,액션히어로
2,적인걸 2021: 분천이화
2,극장판 콩순이: 장난감나라 대모험
2,소리에 놀라지 않는 사자처럼
2,요재신편: 구미호
2,사제로부터 온 편지
2,칼리버 9: 마피아 워
2,하나이야기
2,어 굿 맨
2,선우와 익준
2,V/H/S/94 : 파멸을 부르는 비디오
2,노르망디 상륙작전
2,시카리오: 나이트 오브 이스케이프
2,워 패스
2,우주 전쟁: 몬스터 헌터
2,생존자들: 더 레스큐
2,화이트 라이언 스노우볼
2,모리타니안
2,스펜서
2,극한연애 XL
2,바꿔줘! 홈즈
2,핑크퐁 자동차동요
2,핑크퐁! 호기 크리스마스
2,비하인드 컷
2,썸에어
2,헬로트로트
2,너의 밤이 되어줄게
2,평생동안
2,혼인 신고서에 도장을 찍었을 뿐인데
2,떡볶이집 그 오빠
2,공자경성
2,주아대면적소가가
2,십이담
2,마이코네 행복한 밥상
2,핀포인트 TV
2,천룡팔부 2021
2,"안녕, 나의 크라머"
2,풍폭무
2,프리미어리그: 지상 최고의 리그
2,브래드PT&GYM캐리
2,신사와 아가씨
2,아이★츄
2,사랑은 Deep하게!
2,탐정은 이미 죽었다
2,달 뜨는 소리
2,금요일에 만나요
2,애흔미미 : 맛있는 로맨스
2,아이윌 송
2,영면
2,서유기: 손오공 홍해아 대전
2,깃털처럼 가볍게
2,운봉
2,생각의 여름
2,은밀한 비밀 계정
2,동백
2,남의 나라
2,수상한 법정
2,내겐 너무 소중한 너
2,유령도시에 나타난 육식공룡 랩터
2,라이즈 오브 더 풋솔져: 오리진스
2,비밀의 정원
2,당신은 학생인가
2,콜로니: 지구 귀환 프로젝트
2,어썰트 33
2,리버풀 FC: 엔드 오브 스톰
2,소드 아트 온라인 -프로그레시브- 별 없는 밤의 아리아
2,소드 아트 온라인 -프로그레시브- 별 없는 밤의 아리아
2,나의 집은 어디인가
2,에이전트 라스트 워
2,훈즈: 제국의 탄생
2,드라큘라 2021
2,쥬라기 헌트
2,블러드 스카이 19
2,언싱커블
2,밀리언 달러 트러블
2,해피 클리너스
2,트리거 포인트
2,나의 판타집
2,얼짱 사람 친구
2,핑크퐁 인체 동요
2,핑크퐁 공룡동요
2,고생 끝에 밥이 온다
2,핑크퐁! 아기상어 크리스마스
2,더 트롯쇼
2,주간산악회
2,마영정 1 : 상해탄
2,그림자 미녀
2,연지채
2,아적소확행
2,화신적안루 : 불의 눈물
2,슈퍼 리치
2,별에서 온 퀴즈
2,국자감래료개여제자
2,개승자
2,트레블메이커
2,프로미스 신데렐라
2,순백의 소리
2,러브 라이브! 슈퍼스타!!
2,다이쇼 소녀 전래동화
2,멀리서 보면 푸른 봄
2,맘 편한 카페
2,삼각창의 밖은 밤
2,그래서 나는 안티팬과 결혼했다
2,소꿉친구가 절대로 지지 않는 러브 코미디
2,선배가 짜증 나는 후배 이야기
2,그랜파
2,테슬라 노트
2,Gossip
2,화요 청백전
2,킬러파티 (양수리 살인사건)
2,내가 날 부를 때
2,프리! 더 파이널 스트로크 전편
2,내가 처음으로 사랑한 소녀
2,열아홉
2,황비홍: 무신임세영
2,썬더 체이스
2,피치 오브 타임
2,바이크 원정대: 인 이탈리아
2,사라센의 칼
2,내가 죽어 누워 있을 때
2,태일이
2,최면
2,아르센 벵거: 무패의 전설
2,피어썸
2,할로우 포인트
2,방법: 재차의
2,첫눈이 사라졌다
2,바이스 시티
2,아파치 정션 : 무법자의 지대
2,레드 아워
2,시바 베이비
2,진삼국무쌍
2,메두사
2,미씽: 다자브의 비밀
2,애프터 스톰
2,아문센
2,음식의 언어
2,딩가딩가
2,기지적연애생활
2,어사소오작
2,대한민국 1% 건강청문회
2,Miss Crow with Mr. Lizard
2,올드송감상실 콩다방
2,어머어머 웬일이니!?
2,理想之城
2,소문난 님과 함께
2,돌싱글즈
2,골 때리는 그녀들
2,팔영구영
2,86 -에이티식스-
2,백령담
2,"진실을 검색하다, 써치"
2,쟈히님은 기죽지 않아!
2,리더의 연애
2,토요일은 밥이 좋아
2,위크로스 디바 얼라이브
2,코요테
2,원데이클래스
2,대송궁사
2,이세계 피크닉
2,프레이터의 상처
2,연애시과학
2,괴물사변
2,안노 히데아키: 안녕! 모든 에반게리온
2,어나더 미
2,당문 : 미인강호
2,사랑인가 바
2,플로리다반점
2,블레이징 썬
2,모든 걸 걸었어
2,용루각 2: 신들의 밤
2,특수부대 비룡
2,멀리가지마라
2,버드나무숲 양림
2,보는 것을 사랑한다
2,팔마
2,청킹맨션
2,데스 밸리
2,7번째 날
2,잉글리시 북 클럽: 반지의 제왕
2,스카이파이어
2,개인레슨
2,다이하드 먼데이
2,드림빌더
2,아이스 데몬
2,굿모닝 키스
2,가면라이더 드라이브
2,핑크퐁 상어가족과 노래해요
2,핑크퐁! 버스동요
2,나를 불러줘
2,골든타임 씨그날
2,아취시저반여자 : 그런 여자 또 없습니다
2,실연박물관
2,청락
2,달려라 댕댕이
2,핫 마마
2,상양부
2,매괴행자
2,데지 미츠 걸
2,보이스킹
2,징크스
2,여과성음유기억 : 소리의 기억
2,아화아문재일기
2,"아적시대, 니적시대"
2,심도원계획 : 두근두근 스파이
2,외식하는 날 at Home
2,봉군정당시 : 그대는 나의 운명
2,컴백홈
2,타재역광중고백
2,피치보이 리버사이드
2,치어핏
2,레인보우 로즈
2,오드 택시
2,구미호 레시피
2,새빛남고학생회
2,친애적오형
2,썸머가이즈
2,그 놈 목소리
2,니시아적영요: 너는 나의 영광
2,수영 : 라이벌 로맨스
2,"진정한 동료가 아니라고 용사 파티에서 쫓겨났기 때문에, 변경에서 슬로우 라이프 하기로 했습니다"
2,펨브룩셔 살인사건
2,공연에 반하다
2,사신 도련님과 검은 메이드
2,SK∞ 에스케이 에이트
2,프라오레! ~PRIDE OF ORANGE~
2,프라오레! ~PRIDE OF ORANGE~
2,펨브룩셔 살인사건
2,일견경심 : 첫눈에 반하다
2,지시결혼적관계
2,노프라블랜드
2,우리도 모르는 사이
2,대막신룡: 천 년의 신화
2,로또 쉐어
2,화공 솔거
2,고검기담
2,킬링톡
2,기우제
2,오숙근: 길 떠나는 가족
2,파이널 플래툰
2,된다! 뭐든! 무서울 뻔~한 이야기
2,윈터 헝거
2,캐논볼
2,가치 캅시다
2,새터데이 픽션
2,더 박스
2,해길랍
2,평범한 로맨스
2,걸즈 앤 판처 최종장 제3화
2,슈퍼스타 뚜루
2,워 빌로우
2,개정
2,슈퍼노바
2,WBA 슈퍼페더급 최현미 세계챔피언 방어전
2,똑똑해GYM짐
2,물들여
2,풍기낙양
2,연애도사
2,똘똘이 그림일기 동요
2,량언사의
2,암격리적비밀 : 서랍 속 비밀
2,당신의 문해력
2,영롱랑심
2,금천불시최후일천
2,해양지성
2,무신지지불하우 : 신이 없는 땅에는 비가 내리지 않는다
2,세상의 끝에서 읽는 한 권의 책
2,미치지 않고서야
2,장윤정의 도장깨기
2,도쿄 제면소
2,예를 들어 라스트 던전 앞 마을의 소년이 초반 마을에서 사는 듯한 이야기
2,치트 약사의 슬로 라이프 ~이세계에 만들자 드러그 스토어~
2,무법자들
2,멋진 이 세계 The Animation
2,셀렉션 프로젝트
2,스케이트 리딩☆스타즈
2,백 애로우
2,하얀 모래의 아쿠아톱
2,"세계 최고의 암살자, 이세계 귀족으로 전생하다"
2,진범인 플래그
2,내 딸 하자
2,타임리스
2,마음의 소리 스페셜 5 - 엔젤전설
2,키스반 양념반
2,클라이밍
2,봉신전설
2,라이브 하드
2,무간귀도
2,세자매
2,숲의 비명: 사라진 사람들
2,습도 다소 높음
2,더 톨: 함정
2,모굴 모글리
2,연애 빠진 로맨스
2,Wired Shut.
2,서핑업
2,아무도 없는 곳
2,뱅드림! 로젤리아 에피소드 I : 약속
2,드라이브 마이 카
2,바바 야가 검은 가시 마녀
2,아네트
2,아이
2,퍼펙트 스틸
2,모든 것을 벗어던진 특별한 여행
2,알.이.엠
2,엘프
2,전쟁 속 우정: Anton
2,그린 나이트
2,아포칼립스: 인류 최후의 날
2,은혼 더 파이널
2,블리자드 오브 소울
2,래춘씨와 함께
2,고스트 하우스
2,신계숙의 맛터사이클 다이어리
2,플레희리스또
2,지구에 무슨 129
2,천재지골
2,핑크퐁! 크리스마스 동요
2,옆집마녀 제이
2,별상타요아학습
2,쌍면신탐
2,"남자 카피라이터, 육아 휴직을 받다."
2,린코씨는 해보고 싶다
2,그녀는 예뻤다
2,딱밤 한 대가 이별에 미치는 영향
2,커피 한잔 할까요?
2,끝내주는 연애
2,리더의 하루
2,슈퍼커브
2,여심리사
2,백옥사무하
2,80일간의 세계 일주
2,격신도
2,"드래곤, 집을 사다."
2,스칼렛 넥서스
2,불능연애적비밀
2,주생여고
2,네가 내가 되었으면 좋겠다
2,썸에어
2,수필러브
2,Resbak
2,라임크라임
2,관계의 가나다에 있는 우리는
2,꽃손
2,먼데이의 위대한 여정
2,실랏 : 옹박의 후예
2,왕십리 김종분
2,파르티잔 워
2,나들이
2,뉴 뮤턴트: 인피니티 프로젝트
2,신 테니스의 왕자 효테이 vs 릿카이 : 게임 오브 퓨처 전편
2,비기닝
2,페이트/그랜드 오더 -종국특이점 관위시간신전 솔로몬-
2,향수: 파리의 조향사
2,알렉스 퍼거슨: 좌절은 없다
2,개목걸이 0
2,마르세유의 비밀
2,어라이즈
2,아웃포스트 369
2,솔져스 리벤지
2,라이더스 오브 저스티스
2,올드 헨리
2,It Came from Below
2,우연과 상상
2,혼밥인생
2,스윗 골프
2,빵카로드
2,빅퀘스천
2,장안락
2,허순순적다화운 : 허순순의 동백꽃 같은 운명
2,원래니시저양적고선생 : 넌 나의 Mr. Right
2,맛있는 코멘터리 단짠단짝
2,핑크퐁! 우주동요
2,심야카페 시즌
2,호동's 캠핑존 골라자봐
2,더블 트러블
2,아적감개여왕
2,기지적상반장
2,세계미진리: 세상의 먼지 속에서
2,메카드볼
2,사랑이라 하기엔 기분 나빠
2,카기나도
2,니시아적성지영루: 나의 영웅에게
2,러블리 라이터
2,도쿄방치식당
2,세스타스 -The Roman Fighter-
2,스파이시 걸스
2,달이 이끄는 이세계 여행
2,심야병원
2,나이트 닥터
2,영역
2,이치케이의 까마귀
2,국민 영수증
2,정령환상기
2,비비 플로라이트 아이즈 송
2,잊지 않았어요
2,어떤 관계
2,진정령 난백
2,척살대
2,풍운 3
2,메가 샤크
2,하이큐!! 또 다른 도전
2,무지개 여신
2,카운터 스트라이크
2,스왈로우
2,God of War: Zhao Zilong
2,우주에서 가장 밝은 지붕
2,수요일이 사라졌다
2,하모니 밸리에서의 사랑
2,소녀☆가극 레뷰 스타라이트 론도 론도 론도
2,다이노 월드: 배틀어택
2,루팡 3세 더 퍼스트
2,드래곤 솔져
2,나의 인생여행
2,변신 : 어느날 갑자기
2,리틀 걸
2,너는 저편에
2,더 테러 라이브: 스쿨 어택
2,로그
2,시크릿 에이전트
2,"안녕, 미누"
2,데이팅 앰버
2,15 킬링즈
2,딥 언더워터
2,휘파람의 노래: 시벨
2,날씨의 아이
2,타임루프: 초시공간여행
2,3월의 기억
2,크레센도
2,2067
2,커런트 워
2,라스트 샷
2,간단한 미인레시피
2,강남의 맛
2,양광지하
2,대한민국 팔도 명물 인증쇼 - 나야나
2,잿빛 상자 속에서
2,청춘창세기 스타트 업
2,랑전하
2,Utopia Falls
2,대주재
2,지지고 복고
2,반시밀당반시상
2,용령미굴
2,요괴 셰어하우스
2,도도솔솔라라솔
2,펜트하우스
2,알렉스 라이더
2,아다치와 시마무라
2,데카당스
2,욕창
2,엄마의 소풍
2,킬러비 인베이전
2,킹 오브 프리즘 올 스타즈 -프리즘 쇼☆베스트10-
2,서정시작법
2,혼 : 공포의 시작
2,스웨그
2,카타콤
2,프리즌 브레이커스
2,비츠
2,실: 인연의 시작
2,디바
2,나의 이름
2,"사랑하고 사랑받고, 차고 차이고"
2,코만도: 라스트 액션 히어로
2,후쿠오카
2,천녀유혼: 인간정
2,매지컬: 공주를 웃겨라
2,무간도5: 생사잠행
2,300: 전사의 귀환
2,너와 파도를 탈 수 있다면
2,토이무비: 미래대모험
2,시로바코 극장판
2,LIVE ON UNPLUGGED
2,독고황후
2,아적청춘몰재파
2,오래 살고 볼일
2,고고다이노 우리동네공룡
2,옥토넛과 노래해요 모아보기
2,한번 더 체크타임
2,료불기적여해
2,전장의 영웅들
2,지구방위대
2,러브 앤 프로듀서
2,나만이 17세인 세상에서
2,천월화선
2,갸루와 공룡
2,오늘 밤은 코노지에서
2,리얼:타임:러브
2,"행복, 촉수가급!"
2,나는 차였어
2,꿈속의 뮤
2,"여친, 빌리겠습니다"
2,뒤떨어진 후르츠 타르트
2,30살까지 동정이면 마법사가 될 수 있대
2,"정말, 정말로 축하합니다"
2,죽도 서핑 다이어리
2,궁궐에서
2,식스볼
2,사랑의 정비소
2,내 편이 없어
2,몽키킹: 투신의 부활
2,스카이와 친구들 : 로보시티의 비밀
2,당신이 집을 비운 사이
2,마리오 보타: 영혼을 위한 건축
2,사라진 연인: 평행 세계
2,구직자들
2,잔칫날
2,오늘부터 우리는!!
2,어센트: 타임슬립
2,엔젤스 폴른
2,싸이코 고어맨
2,복수의 밤
2,몬스터 오브 맨
2,그린랜드
2,인투 더 보이드
2,The Never List
2,코스모볼
2,뷰티풀 데이 인 더 네이버후드
2,더 보이 2: 돌아온 브람스
2,마르지엘라
2,이철희의 타짜
2,JOB룡 이십끼
2,더 친절한 랭킹 의사소통
2,정직성 실험
2,페이트 그랜드 카니발
2,결혼 활동 ABeeC 대사전
2,M 사랑해야 할 사람이 있어서
2,사랑은 계속될 거야 어디까지나
2,나강연화나강우
2,영혼수선공
2,중계지극해청뢰
2,디포디제이 퍼스트 믹스
2,편의점 샛별이
2,아재불요화니주붕우니
2,바그다드 센트럴
2,트롯파이터
2,문호와 알케미스트 - 심판의 톱니바퀴
2,곰 곰 곰 베어
2,미무추종
2,톱 나이프 - 천재 뇌외과의의 조건
2,우자키 양은 놀고 싶어!
2,여자들의 은밀한 파티 - 여은파
2,저승보다 낯선
2,엄마 바람피게하기
2,스와트: 타임 크라이시스
2,School Tales
2,늙은 부부이야기
2,콘솔 워즈
2,집착
2,황무지 5월의 고해
2,추억의 검정고무신
2,기문술사
2,투신
2,토탈리 언더 컨트롤
2,돌멩이
2,히트맨
2,진파
2,더 넌: 돌아온 저주
2,어떻게든 되는 나날
2,정글 비트: 더 무비
2,아모르파티: 인생은 즐거워
2,스페셜 포스 : 라스트 타겟
2,디비젼
2,런 위드 더 헌티드
2,재단사 니코스
2,유통기한
2,Time Apart
2,우리가 이별 뒤에 알게 되는 것들
2,리틀 뱀파이어
2,김일성의 아이들
2,킬 모드
2,신천녀유혼: 인과연
2,비바리움
2,콜드 브룩 미스터리
2,아파트 209
2,볼리션: 미래를 보는 자
2,페럴 월드
2,으라차차 산골 축구단
2,맨땅에 한국말
2,좋아요 히카루 겐지 군
2,걱정마수다
2,유비
2,더 먹고 가(家)
2,천무기
2,안가: SELLING DREAM
2,장안소년행
2,니시아적명중주정: 운명처럼 널 사랑해
2,MIU404 ~ 기동수사대~
2,우치타마?! ~우리집 타마를 모르시나요?~
2,Somali and the Forest Spirit
2,하모니
2,소녀상방게와
2,꼬리에 꼬리를 무는 그날 이야기
2,피터 그릴과 현자의 시간
2,천관사복
2,워싱턴
2,바람과 구름과 비
2,우국의 모리아티
2,35살의 소녀
2,더 그레이트
2,인플루언서
2,Leo
2,미스터트롯: 더 무비
2,퍼펙트 이스케이프
2,수상한 동거
2,다리아: 마리오네트
2,테우리
2,래미의 드래곤월드 구출작전
2,알피니스트 - 어느 카메라맨의 고백
2,비행
2,"가불가이, 아희환니"
2,유어 러브 송
2,백골 요괴전
2,탈옥풍운
2,고블린 슬레이어 -고블린즈 크라운-
2,스윈들러
2,팔로우 미
2,사일런싱
2,메가 블리자드
2,데이비드 시크릿
2,극장판 페이트/그랜드 오더 - 신성원탁영역 카멜롯 - 완더링; 아가트람
2,암살자들
2,블러드 머신
2,헤어지기 전 우리가 해야 할 10가지
2,코코 : 죽은 자들의 세상
2,유령선 : 죽은 자의 저주
2,나의 작은 동무
2,데이비드 시크릿
2,러시안 레이드
2,배틀 크랙
2,문신을 한 신부님
2,"예스, 갓, 예스"
2,스페이스 독 3: 트로피컬 어드벤처
2,더 소나타
2,워 위드 그랜파
2,최친애적니
2,스트레인저
2,내 사랑 투유
2,내게 ON 트롯
2,Diver
2,우리 이혼했어요
2,대성괴
2,지구검홍료
2,절찬제작중
2,전문중적진천천
2,뽕숭아학당
2,공자 아취정니료
2,장상수
2,리인심상
2,퍼스트 레이디스: 백악관의 여성들
2,Eizouken ni wa Te wo Dasu na!
2,#리모러브 ~ 보통의 사랑은 사도 ~
2,마에세츠!
2,오다 시나몬 노부나가
2,마샤의 이야기
2,나쁜 아이들
2,제프리 엡스타인: 괴물이 된 억만장자
2,Lotto Singer
2,탑골 랩소디
2,아르테
2,불길한 바르하이트 -ZUERST-
2,더 킹：영원의 군주
2,애적리미
2,리스너즈
2,"이별유예, 일주일"
2,종극필기: 최후의 어드벤처
2,우리들은 미쳤다
2,꿈
2,디어 마이 지니어스
2,소셜노마드
2,깡패와 소녀
2,앙상블
2,오! 문희
2,면접
2,오타쿠에게 사랑은 어려워
2,노라의 특별한 여름
2,적인걸: 심해용궁
2,리스타트는 지금부터
2,적인걸: 더 파이널
2,리벤저스
2,이스케이프 룸: 공포의 퍼즐
2,지포스: 스페이스 배틀
2,애비게일의 저주
2,소리도 없이
2,더 마더
2,백악기 꼬마공룡을 찾아서
2,완전 범죄의 결말
2,바바 야가: 숲의 악령
2,마리오네트
2,마리 퀴리
2,위도우스 포인트: 저주받은 등대
2,마음 울적한 날엔
2,러브 라이브! 선샤인!! 더 스쿨 아이돌 무비 오버 더 레인보우
2,빈폴
2,라스트 댄서
2,덩케르크 이스케이프
2,최후 인류 생존 지침서 – 서바이블
2,NCT 127 알려줘요 JAPAN!
2,아주 각별한 기행
2,히어로 써클
2,방방곡곡
2,홈데렐라
2,"팔남이라니,  그건 아니지"
2,우마욘
2,천성지로
2,이와카케루! -Sport Climbing Girls-
2,코타키 형제와 사고팔고
2,연애는 귀찮지만 외로운 건 싫어!
2,천회갑적소녀
2,포스트 코로나 뉴노멀을 말하다
2,구류패주
2,드래곤 퀘스트 다이의 대모험
2,남자 가정부를 원해?
2,"그 인연, 전해드립니다"
2,그 남자의 기억법
2,폐재틈천관
2,계약우정
2,예스터데이를 노래하며
2,러브 라이브! 니지가사키 학원 스쿨 아이돌 동호회
2,퀴즈
2,주술회전
2,작전명 아이리스
2,백발마녀외전
2,중성화
2,리얼파이터
2,바람의 검 - 적영자
2,도사의 무녀: 새겨진 일섬의 등불
2,머리카락
2,트레져 헌터: 비밀의 책
2,백발마녀전
2,백문오갑
2,불량한 가족
2,헌트 13
2,각자의 입장
2,태백권
2,파라다이스 좀비
2,브라 이야기
2,조선주먹
2,메가 옥토퍼스
2,매직아치
2,미스터 하트
2,강철비 2: 정상회담
2,킹 아더 카멜롯의 기사
2,갱
2,파이널 킬
2,파티마의 기적
2,칙 파이트
2,"내 어깨 위 고양이, 밥 2"
2,루아나의 세계
2,"아무튼, 아담"
2,헤븐퀘스트
2,어서오시게스트하우스
2,뮬란
2,시크릿 가든
2,아웃포스트
2,몽키킹6: 대성무쌍
2,응보
2,고스트 스나이퍼
2,엔터 더 팻 드래곤
2,나이브스 아웃
2,데스 숏컷
2,바바리안
2,리버레이션: 천진 대전투
2,헬로! 플레이트
2,아무도 모르게 김호중의 파트너
2,로보카폴리 쏭쏭뮤지엄
2,보석상 리처드 씨의 수수께끼 감정
2,보이스트롯
2,체가의녀
2,일촌상사: 나의소녀
2,미스터리 크루즈
2,대당여법의
2,마천대루
2,"마이 러브, 마이 베이커"
2,브람스를 좋아하세요?
2,7인의 비서
2,99분여붕우
2,니청기래흔첨 : 달달한 너의 목소리
2,현혹된 사람들
2,극주부도
2,전익의 시그드리파
2,천청난만!
2,아호희환니
2,"너와 나의 최후의 전장, 혹은 세계가 시작되는 성전"
2,술래
2,견: 버려진 아이들
2,복호무송
2,봉황천화- 절대병기의 비밀
2,공조: 특수용병대
2,카오산 탱고
2,설화
2,하이큐!! 땅 VS 하늘
2,블라인드
2,위 아 리틀 좀비
2,특수요원
2,애니멀 크래커
2,런 런 런
2,라라와 크리스마스 요정
2,게이트 크래시
2,아사다 가족
2,광견 아토스
2,배틀필드 2025
2,블러드샷
2,타오르는 여인의 초상
2,인투 더 미러
2,더 러너스
2,오케이 마담
2,서바이브 더 나잇
2,어쌔신 프리스트 벡맨
2,아카이브
2,어니스트 씨프
2,리버전
2,레브
2,콜리니 케이스
2,축구! 위대한 순간들
2,큐브통신
2,알레나와 함께 하는 세계여행
2,포켓몬스터 W
2,트레저 맵
2,운색과농
2,연애혁명
2,차청봉명
2,삼천아살: 천년의 그리움
2,프린세스 커넥트! Re:Dive
2,완미선생화차부다소저
2,공연 NG
2,모백수
2,장안의 추억
2,카이로스
2,알리바이를 깨드립니다
2,딸바보 청춘백서
2,체조 사무라이
2,F1: 완벽을 향한 질주
2,7분의 22
2,지박소년 하나코 군
2,1864: 남북전쟁
2,피사체
2,우주의 끝
2,이혼하기 위해 해야 하는 아주 단순한 절차들
2,도영씨
2,우리 안의 그들
2,기문둔갑2
2,너의 시선이 머무는 곳에
2,"그대, 고맙소: 김호중 생애 첫 팬미팅 무비"
2,홈런: 야구소년
2,오스만 제국 전쟁
2,귀담백경
2,"예스, 노 또는 반반"
2,시간의 끝에서 널 기다려
2,오션스 게임
2,아홉 스님
2,창은
2,깡치 2
2,화이트 온 화이트
2,라이어트: 기계들의 역습
2,해변의 에트랑제
2,아이즈 온 미 : 더 무비
2,도굴
2,젊은이의 양지
2,커다랗고 커다랗고 커다란 배
2,얼론
2,와일드 마운틴 타임
2,아랍 블루스
2,아랍 블루스
2,서치 아웃
2,스마트폰을 떨어뜨렸을 뿐인데 붙잡힌 살인귀
2,사라진 시간
2,더 레이서
2,"또 다시, 컨트리한 크리스마스"
2,환상의 마로나
2,믿을 수 없는
2,킬러 넥스트 도어
2,1945: 포인트 오브 노 리턴
2,인세인
2,겟어웨이 걸스
2,PJ 하비의 뮤직 다이어리
2,더 웨이브
2,노아의 방주 2: 새로운 세계로
2,더 브레이브
2,엘라 벨라 빙고: 친구 찾기 대작전
2,희망의 보이스
2,영화 왓수다
2,러브샷
2,안싸우면 다행이야
2,당신의 일상을 밝히는가
2,병실에서 염불을 외지 마세요
2,친한 예능
2,포레스트
2,수가적성진
2,니성공인기아적주의료
2,성화14년
2,친애적의기군
2,치아문첨첨적소미만
2,라피스 리라이츠
2,날아라 슛돌이 - 뉴 비기닝
2,끝까지 간다
2,돈 떨어지면 사랑의 시작
2,그놈이 그놈이다
2,며느라기
2,허구추리
2,이 남자는 인생 최대 실수입니다
2,"Ok, 탑스타"
2,레스큐 더 파일럿
2,"반 고흐, 피카소 그리고 안토니오"
2,보충수업
2,더데이
2,풍마노지심
2,무림수사관
2,특명:스피드레스큐
2,"의리적 구토 그 후, 100년의 구투"
2,삼국지 : 무신 조자룡
2,더 우먼: 조앤
2,혈적자﻿: 피를 쫓는 사나이
2,베토벤
2,이십일세기 소녀
2,담쟁이
2,부활: 그 증거
2,청춘빌라 살인사건
2,꼬마 마법사 레미 극장판 - 견습 마법사를 찾아서
2,"나의 뮤즈, 그림 도둑"
2,결백
2,마마스 레시피
2,놈놈놈: 캔자스의 무법자
2,크리스마스에는 행복이
2,다크 워터스
2,노웨어 스페셜
2,엘레강스 에스코트
2,컨택트 2020
2,난 울지 않아
2,Legacy
2,포에버 퍼스트 러브
2,토네이도: 지구 재앙의 날
2,모탈: 레전드 오브 토르
2,블랙머니
2,판타지 아일랜드
2,용봉점전기
2,원표의 영춘권
2,배틀 코덕쇼
2,원아여성군여월
2,쫑알쫑알 똘똘이
2,개미는 오늘도 뚠뚠
2,맹의첨처
2,인생앨범 - 예스터데이
2,유금세월
2,아르고나비스 from BanG Dream!
2,오지GO with 코무바울루
2,산채소맹주
2,습광리적아문
2,이 사랑 데워드릴까요
2,출사표
2,불설황연인
2,량세환: 두 개의 인연
2,수도갈망우견니
2,로드킬
2,청춘 조소과
2,여왕의 전쟁 : 라스트 싱어
2,First Romance
2,소녀대인
2,화이트 하우스 팜
2,내 옆에 암흑 파괴신이 있습니다
2,몽마르트 파파
2,블러드하운드
2,스푸키즈 극장판 : 비밀과외
2,완벽한 원나잇
2,임파서블 미션
2,런 보이 런
2,뉴클리어: 원전 2020
2,신용문객잔2 : 대막강호
2,셧다운
2,싸커 퀸즈
2,담보
2,슈퍼딥
2,Our 30-minute Sessions
2,센티그레이드
2,狂武蔵
2,인피델
2,봉신방: 달기전
2,브레이브 언더 파이어
2,다이애나 케네디: 과카몰리 철학
2,라스트 풀 메저
2,엽문 리부트 2020
2,파리의 인어
2,사라져버린
2,엽문 리부트 2020
2,파리의 인어
2,봉신방: 달기전
2,브레이브 언더 파이어
2,로즈와 마틴의 유령퇴치 주식회사
2,라스트 카우보이
2,듄: 드리프터
2,올드 가드 인 런던
2,다크 앤드 위키드
2,클로젯
2,리-에볼루션
2,더 텐트
2,인비저블 위트니스
2,벌새
2,10 아이덴티티
2,비하인드 유
2,다만 악에서 구하소서
2,더 세컨드
2,메이드 인 이태리
2,살인 매뉴얼
2,완벽한 가족
2,코코패밀리 영어동요
2,바다로 간 사나이
2,기막힌 이야기 - 실제상황
2,원더풀 마이 라이프
2,권장채널 신인왕 UNVS
2,사랑의 콜센타
2,이십세기 힛-트쏭
2,실내캠핑△
2,월상중화
2,In a Class of Her Own
2,언성・신데렐라 병원 약사의 처방전
2,찐어른 미팅 : 사랑의 재개발
2,투심화사
2,약정기간애상니
2,谁是凶手？
2,여의방비
2,친애적마양가
2,미쓰백
2,여성향 게임의 파멸 플래그밖에 없는 악역 영애로 환생해버렸다...
2,녹정기
2,포청천 백옥당전기
2,요트원정대: 더 비기닝
2,아픈 건 싫으니까 방어력에 올인하려고 합니다
2,삼생삼세 침상서
2,미식탐정 아케치 고로
2,런치 미팅 탐정 ~사랑과 맛집과 수수께끼와~
2,오픈토
2,러브라인
2,"센베노, 평창"
2,백년의 기억
2,꼴통2인조
2,내 이름은 졸자야
2,기기괴괴 성형수
2,즐거운 집들이
2,시크릿 카운터
2,그녀들의 주기
2,남학생 휴게실
2,학교기담: 8년
2,구주천공성: 열흘간의 꿈
2,너클 더스트
2,무영자: 군웅할거
2,여름바다에 뜨는 가벼운 것들
2,내일도 우린 사랑하고 있을까
2,패트리어트
2,피낙 2
2,점보
2,보이스 비
2,컴 애즈 유 아
2,1917
2,사무라이 검신
2,런
2,프리즌 이스케이프
2,씨 피버
2,솔리타리
2,외계침공
2,6 솔져스: 라스트 미션
2,아웃브레이크 호텔
2,유어 아이즈 텔
2,벰 : 비컴 휴먼
2,와인 패밀리
2,브레이크 이븐
2,라스트 프론티어
2,VR 휴먼다큐멘터리 너를 만났다
2,콩순이 쑥쑥 베스트송(영어)
2,캐치! 티니핑
2,얼짱시대 요즘 뭐해?
2,라떼부모
2,"나의 음악 쌤, 밍글라바"
2,찐한친구
2,"난난, 청다지교 : 난난, 잘 부탁해"
2,궁궐의연인
2,소주차만행 : 두근두근 첫사랑 로맨스
2,유리미인살
2,내하BOSS우여하 : 보스가 어때서?
2,그라부룻!
2,청청자금
2,캠핑가자
2,빈변불시해당홍
2,어서와
2,그래서 나는 화장을 한다
2,봉려구천
2,Mothers in Love
2,부세쌍교전
2,타화타적연애극본
2,루하여우청첨수
2,종결혼개시연애
2,아무도 모른다
2,어설트 릴리 BOUQUET
2,신들에게 주워진 남자
2,마기아 레코드 마법소녀 마도카☆마기카 외전
2,미스 스칼렛의 사건 일지
2,어쨌든 귀여워
2,여름빛
2,틴더시대 사랑
2,하드코어 로맨스
2,사진사의 여자
2,장마
2,죽지않는 인간들의 밤
2,밈 전쟁: 개구리 페페 구하기
2,언팔로우
2,청춘 돼지는 꿈꾸는 소녀의 꿈을 꾸지 않는다
2,오리지널 갱스터
2,유물의 저주
2,제폭: 범죄와의 전쟁
2,시머
2,토토리! 우리 둘만의 여름
2,"미안해요, 리키"
2,그리드
2,마이 스파이
2,엘리스
2,로맨틱 코미디
2,블랙 엠페러
2,더 나이트 클럭
2,버추얼 게임
2,아큐페이션 2: 레인폴
2,이웃사촌
2,침입자
2,브로큰 하츠 갤러리
2,아이 엠 우먼
2,해치지않아
2,베이 오브 사일런스
2,에이전트 제이드 블랙
2,골디
2,그녀가 사라졌다
2,파비안느에 관한 진실
2,인 서클
2,내 사랑 찾기
2,별별체크
2,가치 들어요
2,찐경규
2,신맹룡과강
2,상고밀약
2,강호동의 밥심
2,오늘부터 운동뚱
2,민초기인전
2,빙당돈설리
2,히프노시스 마이크 -Division Rap Battle-
2,삼가야군심
2,아슬아슬한 두 사람 -K2- 이케부쿠로서 형사 칸자키ㆍ쿠로키
2,미쓰에스 : 치파오 미녀 탐정
2,첨료청매배죽마
2,"최초적상우, 최후적별리"
2,365 : 운명을 거스르는 1년
2,글레이프니르
2,마녀의 여행
2,주문 바다요
2,런웨이에서 웃어줘
2,신이 된 날
2,Frayed
2,마왕성에서 잘 자요
2,빡트
2,쿵푸타운
2,은서
2,이월
2,블랙 독
2,아들
2,피에트로
2,폐교
2,극장판 타오르지마 버스터 - 블랙어썰트의 귀환
2,어린 의뢰인
2,극장판 아재스러브
2,몬스터 헌트 - 요괴대전
2,"어쩌다, 결혼"
2,썬키스 패밀리
2,카메라를 멈추면 안 돼! 스핀오프 할리우드 대작전!
2,오살
2,악의 꽃
2,생존: 두 개의 세계
2,블랭크
2,페어웰
2,더 보이
2,리틀 킹덤
2,파피차
2,나이트 언데드
2,솔럼: 서바이벌 아일랜드
2,신의 은총으로
2,트라우마 센터
2,봉오동 전투
2,라이트 오브 라이프
2,신의 은총으로
2,아이언 마스크: 용패지미
2,구룡불패: 청룡출수의 전설
2,글로리아 벨
2,미드웨이
2,걸
2,몽골리안 커넥션
2,어글리 돌
2,미스터 존스
2,마지막 버킷리스트
2,스코어 투 셔틀
2,연애의 참견: 사랑 공포증
2,여신의 장난 ~갑자기 어른이 된 나~
2,절세천금
2,배니도세계지전 : 너와 세상 끝까지
2,세계결아일개초련 : 사랑스러운 나의 럭키걸
2,굿피플
2,99억의 여자
2,소녀전선 인형소극장
2,내일은 미스트롯
2,조선생존기
2,어떤 과학의 일방통행
2,어새신즈 프라이드
2,구해줘! 홈즈
2,간택 - 여인들의 전쟁
2,가시나들
2,첫사랑의 멜로디
2,The Disappearance of Susan Cox Powell
2,이세계 콰르텟
2,"내 스커트, 어디갔어?"
2,"동거인은 무릎, 때때로 머리 위"
2,플로리다에서 신이 되는 법
2,연기
2,동경
2,랩스:세 가지 미래
2,아버지가방에들어가신다!
2,구르는 수레바퀴
2,접전: 갑을 전쟁
2,지구종말 서바이벌 Z
2,김군
2,뎁트
2,나의 아버지는 스파이
2,코끼리와 나비
2,미술품 도난 사건: 영리한 사기꾼 vs 은퇴 경찰
2,리틀 큐
2,언노운 에이전트 더 미션
2,미친사랑
2,마이 리틀 포니 : 레인보우 로드 트립
2,Killed My Wife
2,나는 예수님이 싫다
2,StarDog and TurboCat
2,선샤인 패밀리
2,보희와 녹양
2,기니피그를 좋아하세요
2,더 윈드: 악마의 속삭임
2,루키스
2,더 트래커
2,"안녕, 티라노: 영원히, 함께"
2,레이트 나이트
2,어웨이
2,소년시절의 너
2,글래스
2,헤드헌터
2,울려라! 유포니엄 ~맹세의 피날레~
2,네 멋대로 해라: 장 뤽 고다르
2,다크쇼: 익스트림 서바이버
2,만델라 이펙트
2,바라바: 진실을 찾는 자
2,좀비랜드: 더블 탭
2,어셉터블 로스
2,애코와 친구들
2,송해야 고향가자
2,KBS 드라마 스페셜 2019- 스카우팅 리포트
2,취향저격 선데이
2,청설루
2,전하가 이상해
2,무엇이든 물어보살
2,섬광 소녀
2,눈 감고 태양을 향해
2,40살 여자와 90일 안에 결혼하는 방법
2,절대정의
2,정해인의 걸어보고서
2,혼자 캠프에서 먹고 자다
2,PTU 기동부대
2,봄밤
2,두 번은 없다
2,천기십이궁
2,프로젝트 블루 북
2,당신 차례입니다
2,디 액트
2,시크릿 쥬쥬 별의 여신
2,의사요한
2,나를 좋아하는 건 너뿐이냐
2,고봉수 감독 단편선
2,내 꿈은 컬러 꿈 #1 : the Green Moon
2,Hello Carbot The Movie: Save The Moon
2,수상한 이웃
2,오버 데어
2,더 가드
2,빛의 아버지: 파이널 판타지 XIV
2,포스트 우먼
2,건담 G의 레콘기스타 1: 가라! 코어 파이터
2,움직이는 사랑: 게스트
2,마이 리틀 포니: 이퀘스트리아 걸스 - 선셋의 백스테이지 패스
2,아웃 오브 튠
2,"다시, 봄"
2,펭이와 친구들의 남극대모험
2,인류종말 - 그 후
2,어멍
2,사일런트 워
2,프리댄스
2,트레저 헌터 플린
2,숲속의 마녀들
2,라이즈 오브 워리어 퀸: 부디카
2,진범
2,말모이
2,쁘떼뜨
2,트레저 헌터 플린
2,쁘떼뜨
2,라이즈 오브 워리어 퀸: 부디카
2,체이싱
2,마담 싸이코
2,어멍
2,프리댄스
2,오픈 더 도어
2,군달라: 슈퍼히어로의 탄생
2,세이빙 레닌그라드
2,더 커리어
2,모진: 용골천서의 비밀
2,루프
2,가화만사경
2,썸원 썸웨어
2,민주주의란 무엇인가
2,세인트 주디
2,파이브 피트
2,캔 유 킵 어 시크릿?
2,우리의 모든 날들
2,봉혁
2,"발견의 기쁨, 동네 책방"
2,속녀양성기: 나의 행복 프로젝트
2,위험한 관계
2,신션한 남편
2,컨페션
2,저스티스
2,와일드 빌
2,독가기억
2,세빌리아의 이발사
2,신상출시 편스토랑
2,등등아아적청춘 : 기다려! 나의 청춘
2,김요한 이야기
2,이어즈 & 이어즈
2,고수고수고고수
2,고잉 마이 홈
2,아나운서 살인사건
2,무협강호
2,사랑과 영혼: 헬로우 고스트
2,우키시마호
﻿3,고스트 라이트
3,비하인드 컷
3,2차 송환
3,윤시내가 사라졌다
3,단'ㅅ 패밀리 남바완
3,워 트랩
3,감동주의보
3,Tromperie
3,오싹한 동거
3,불도저에 탄 소녀
3,수라의 세계
3,크로우 : 죽기 위한 복수
3,아듀
3,"어쩌다 공주, 닭냥이 왕자를 부탁해!"
3,Heojil kyolshim
3,코로나 이펙트
3,어부바
3,더 컨트랙터
3,에이전트 게임
3,블랙라이트
3,토탈골프 챔피언십 프로 vs 아마
3,지선씨네마인드
3,해 볼만한 아침 M&W
3,만복식당
3,고양이 쉐어하우스
3,인비저블
3,정체
3,남의연애
3,명천야상견도니 : 내일도 널 보고 싶어
3,아적애여성진
3,웃는 아르스노토리아 킁!
3,오리엔트
3,삼남매가 용감하게
3,우리는 오늘부터
3,미남당
3,길디드 에이지
3,당신이 소원을 말하면
3,언어부
3,천재 왕자의 적자국가 재생술
3,3.5 교시
3,봉명주공
3,귀멸의 칼날: 장구저택 편
3,프린세스 아야
3,홀덤킹 : 에어라인
3,리프레쉬
3,우연히 봄
3,복지식당
3,퇴마법의관
3,오마주
3,공조 2: 인터내셔날
3,짬뽕비권
3,리미트
3,클린
3,오펀: 천사의 탄생
3,경고
3,브로커
3,극장판 주술회전 0
3,비스트
3,살인자들의 나라
3,플레이그라운드
3,코만도
3,탑건: 매버릭
3,Dog
3,멘
3,채널A 건강 스페셜
3,가디언즈 오브 툰드라
3,문제적 탐정사무소
3,경아윤아의 브런치톡
3,사랑할 수 없는 두 사람
3,건강한 참견
3,"철도 오타쿠 미치코, 2만 킬로"
3,식자회담
3,불행 군은 키스할 수밖에 없어!
3,CUE!
3,군청의 팡파르
3,더 넥스트 보이스
3,하우스 오브 드래곤
3,징크스의 연인
3,너에게 가는 속도 493km
3,괴인 개발부의 쿠로이츠 씨
3,줄리아
3,창란결
3,커튼콜: 나무는 서서 죽는다
3,개들의 도시
3,인연을 긋다
3,신천녀유혼: 인과연
3,쿵푸 조라: 남편 때려잡기
3,아이언 크로스: 노르망디 상륙작전
3,파나마
3,역할들
3,뒤틀린 집
3,재춘언니
3,애프터 에버 해피
3,브라이언 앤 찰스
3,목격자를 남기지 마라
3,토르: 러브 앤 썬더
3,리벤지 오브 파이어
3,불릿 트레인
3,용과 주근깨 공주
3,새집은 처음이라
3,공자독총와장처 : 스파이를 잡아라
3,댕벤져스 아카데미
3,강연 주문 받습니다-당1특송
3,"혼공, 조남호의 입시코드"
3,평행연애시차
3,하룻밤만 재워줘
3,로컬식탁
3,바보 녀석의 키스
3,사랑스러운 거짓말  ~상냥한 어둠~
3,리아데일의 대지에서
3,두 명의 우주
3,교주의 딸
3,미나토 상사 코인 세탁소
3,The Fear Index
3,메리퀴어
3,도망의 F
3,천원짜리 변호사
3,나의 귀여움은 곧 소비 기한!?
3,2022 신상해탄
3,액션동자
3,평평남녀
3,마지막 레이싱
3,나의 촛불
3,미인어 2
3,뱅드림! 팝핀' 드림!
3,그 남자는 타이타닉을 보고 싶지 않았다
3,기동전사 건담 쿠쿠르스 도안의 섬
3,앰뷸런스
3,미니언즈 2
3,폴아웃
3,블랙 사이트
3,키미
3,"굿 럭 투 유, 리오 그랜드"
3,크라이오
3,범죄도시 2
3,The Silent Party
3,자연의 철학자들
3,멍키시티
3,우크라이나 침공 100일 특집
3,잘 되지 않는 두 사람
3,엄마의 여행 고두심이 좋아서
3,나이스 플라이트!
3,으라차차 내 인생
3,용감한 형사들
3,엔드게임
3,진검승부
3,왜 오수재인가
3,금수저
3,법대로 사랑하라
3,사사키와 미야노
3,도쿄 24구
3,벨에어
3,보통의 용기
3,미혹
3,서울괴담
3,쥬라기캅스 극장판: 공룡시대 대모험
3,6/45
3,니얼굴
3,인사이드 더 드림
3,파라다이스 하이웨이
3,355
3,언더 샤크
3,다운튼 애비 2
3,악령마을
3,Watcher
3,신부의 아버지
3,배드 가이즈
3,내 몸을 바꾸는 시간
3,부기나이트
3,나의 영웅
3,한 번쯤 멈출 수밖에
3,강철볼-피구전쟁
3,독녀군미견 : 그와 그녀의 비밀
3,원래시로사아! : 알고 보니 선생님이셨군요!
3,정직 부동산
3,러브 올 플레이
3,Armas De Mujer
3,미래를 향한 10 카운트
3,반지의 기사
3,옥토 ~감정수사관 신노 아카리~
3,귀엽기만 한 게 아닌 시키모리 양
3,데드캠핑 더 라이브
3,서툰 연인들의 거친 연애담
3,기기묘묘
3,하숙집오!번지
3,대통령 정약용
3,모짜르트의 한 방
3,트로트는 인생이다
3,이상한 나라의 수학자
3,내가 못 나가는 것도 아닌데
3,스텔라
3,프레스 플레이
3,극장판 헬로카봇: 수상한 마술단의 비밀
3,존경하고 사랑하는 국민여러분
3,오! 마이 고스트
3,아나이스 인 러브
3,아-하: 테이크 온 미
3,그날
3,모비우스
3,늑대사냥
3,블레이드 퍼피 워리어
3,놉
3,"인생을 담다, 명인"
3,다음이 온다
3,잠만 자는 사이
3,빙상의 신
3,첫사랑 만 세번째
3,흰밥 수행승
3,가족관계증명서
3,스토리추적 M
3,해골기사님은 지금 이세계 모험 중
3,그래도 아유무는 다가온다
3,일당백집사
3,풋살 보이즈!!!!!
3,스폰서
3,치얼업
3,빅마우스
3,더 베이비
3,금생유니
3,"사상 최강의 대마왕, 마을 사람 A로 전생하다"
3,스파이 패밀리
3,아부쟁이
3,스파이형 모델
3,극장판 이세계 콰르텟: 어나더 월드
3,"허황옥 3일, 잃어버린 2천 년의 기억"
3,윌 빈튼의 클레이드림
3,경관의 피
3,더 킬러: 죽어도 되는 아이
3,Stowaway
3,파이어스타터
3,언차티드
3,복무하라
3,배틀그램
3,치치핑핑 캐릭터동요
3,장수상회
3,플레어 바텐더즈
3,"아내, 초등학생이 되다."
3,여성향 게임 세계는 모브에게 가혹한 세계입니다
3,"선배, 단연코 사랑이!"
3,무챠부리! 내가 사장이 되다니
3,금장의 벨메이유 ~벼랑 끝 마술사는 최강의 재액과 마법세계를 헤쳐나간다~
3,엔젤린
3,그래서 죽일 수 없었다
3,칭송받는 자 두 명의 백황
3,연맹공군 항공마법음악대 루미너스 위치스
3,닥터로이어
3,오늘의 웹툰
3,하코즈메 ~파출소 여자의 역습~
3,사내맞선
3,스테어케이스
3,장미왕의 장례 행렬
3,RWBY 빙설제국
3,극장판 검정고무신 : 즐거운 나의 집
3,코코순이
3,인 드림즈
3,"위대한 계약: 파주, 책, 도시"
3,파이널 싸움의 기술
3,펌킨타임
3,경아의 딸
3,포프란: 사라진 X를 찾아서
3,쥬라기 워
3,작은새와 돼지씨
3,아이돌레시피
3,킹메이커
3,정직한 후보 2
3,셧 인
3,카우
3,테이크 나이트
3,데이 투 다이
3,로스트 시티
3,스크림
3,DC 리그 오브 슈퍼-펫
3,버즈 라이트이어
3,한국인의 오래된 밥집
3,오히려 좋아
3,고독한 미식가 ~맛있지만 씁쓸해... 이노가시라 고로의 재난~
3,Love Class
3,풍기농서 : 첩보사
3,버디 윙 -골프 소녀들의 이야기-
3,여생 청다지교 : 사랑의 서약
3,데아이몬: 화과자 이야기
3,이세계 미소녀 수육 아저씨와
3,퍼스트 펭귄!
3,재불요화노판담연애 : 보스랑 연애 하지 마세요
3,이세계 약국
3,DMZ
3,내일
3,인게이지 키스
3,현자의 제자를 자칭하는 현자
3,실격문장의 최강 현자 ~세계 최강의 현자가 더욱 강해지기 위해 환생했습니다~
3,이마 베프
3,어게인 마이 라이프
3,더 씽 어바웃 팸
3,라자루스 프로젝트
3,MMM: Where Are We Now
3,Akui Maeumeul Ilkneun Jadeul
3,악녀 ~일하는 게 멋없다고 누가 말했어?~
3,브레이킹 라인
3,위대한 침묵
3,그대라는기억 연숙씨
3,불멸의 여신
3,퍼펙트 미션
3,러브 이세벨
3,인생은 아름다워
3,온 세상이 하얗다
3,마지막 대전투: 전장의 영웅들
3,베르네 부인의 장미정원
3,더 테러 라이브 인 하이스쿨
3,피의 저격수
3,Danger! Danger!
3,Across The Rails
3,블랙폰
3,블랙폰
3,컴백 트레일
3,스타 트렉
3,인생의 연장전
3,순애 디서넌스
3,2022
3,유튜버에게 딸은 못 줘!
3,사랑에 빠진 외톨이 : 스탕달의 연애론
3,요즘 젊은 것들은
3,리맨즈 클럽
3,전생 현자의 이세계 라이프 ~두 번째 직업을 얻고 세계 최강이 되었습니다~
3,정부지간 - Plus & Minus
3,땀과 비누
3,사일런트
3,설녀와 게를 먹다
3,슛! Goal to the Future
3,유니콘을 타고
3,현재는 아름다워
3,플레인빌에서 온 소녀
3,위닝 게임
3,그 비스크 돌은 사랑을 한다
3,녹을 먹는 비스코
3,퇴마귀멸검
3,애인대행
3,대무가
3,수호무적
3,전투왕
3,그녀의 버킷리스트
3,봄날
3,늑대들
3,고고다이노 극장판: 얼음공룡의 비밀
3,Vanishing
3,아마이아: 뱀파이어 소녀
3,엄마
3,쏴!쏴!쏴!쏴!탕
3,걸리버 리턴즈
3,문샷
3,특송
3,티켓 투 파라다이스
3,티켓 투 파라다이스
3,신비한 동물들과 덤블도어의 비밀
3,스나이퍼: 로그 미션
3,수퍼 소닉 2
3,특수공인중개사 오덕훈
3,동물극장 단짝
3,홀인러브
3,새 엄마가 데려온 딸이 전 여친이었다
3,구름 위를 걷다
3,호적 메이트
3,성공열전 K
3,케이x야쿠 -위험한 파트너-
3,혼자서 마실 수 있어!
3,사랑 따위 진심으로 해서 어쩌려고?
3,황금가면
3,외식하는 날 버스킹
3,마법사의 여명기
3,파이팅 송
3,닥터 화이트
3,도포자락 휘날리며
3,치미모
3,실연 밥
3,설영웅수시영웅 : 영웅을 말하다
3,진상
3,뻐꾸기 커플
3,홍김동전
3,위 오운 디스 시티
3,살애
3,이진제연애 : 1과 0의 로맨스
3,바다 탐험대 옥토넛 : 탐험선 대작전
3,블라인드 워
3,오션 라이크 미
3,야쿠자 어쌔신
3,미싱타는 여자들
3,딜라이트: 깨어난 감각
3,피는 물보다 진하다
3,더 패신저
3,뜨거운 피
3,문폴
3,더 배트맨
3,혼자가 아닌
3,미션 투 베를린
3,미친 능력
3,엔드리스
3,몬스터
3,문명특급 - 영화인 대잔치
3,국과수
3,개인차 있습니다
3,지우개를 준 여자를 좋아하게 되었다
3,위기의 X
3,호호설화 : 대화가 필요해
3,라이징
3,내 눈에 콩깍지
3,핸썸
3,성덕
3,영희
3,살인청부업자
3,호상거니적세계애니 : 내 머리 속의 너
3,분노의 제국
3,극장판 엄마 까투리: 도시로 간 까투리 가족
3,이레이저: 부활
3,엘비스
3,쁘띠 마망
3,잭애스 포에버
3,슈퍼 후?
3,마더 앤 머더
3,메리 미
3,리디밍 러브
3,데이트 어 불릿
3,뇌 멋대로 한다
3,눈에 띄는 그녀들
3,짠내아이돌
3,I Want to Bite You
3,시사멘터리 추적
3,비밀의 집
3,"만약, 꽃미남뿐인 고등학교가 있다면"
3,"졸업식에, 카미야 우타코가 없다"
3,크레이지 러브
3,애정응해유적양자
3,사랑에 대해 내가 아는 모든 것
3,리코리스 리코일
3,파티피플 공명
3,슬로우 루프
3,"지금부터, 쇼타임!"
3,박새 ~사십부터~
3,전남친 리트라이
3,마녀의 게임
3,인간 무서워
3,아케비의 세일러복
3,익스트림 하츠
3,살아남은 여섯 명에 의하면
3,붉은 단심
3,창고멜
3,부적: 남의 운을 빼앗는 자
3,VR 파이터
3,당신의 이웃은 친절하지 않다
3,음양산
3,Re-LOVE(리-러브)
3,삼국지 관운장: 청룡언월도
3,좀비 살아있다
3,신데렐라 2: 마법에 걸린 왕자
3,라스트 맨 다운
3,외계+인 1부
3,셰터드
3,웜우드 : 좀비 아포칼립스
3,효자
3,어우동
3,지구인 더 하우스
3,오! 마이 웨딩
3,오션라이크미
3,썸핑
3,Tribe Nine
3,빽 투 더 그라운드
3,천금난도
3,더 트래블 너스
3,블랙: 악마를 보았다
3,RPG 부동산
3,트레이서
3,혼활탐정
3,친구들과의 대화
3,타이거 킹: 조와 캐롤
3,태풍의 신부
3,최근 고용한 메이드가 수상하다
3,경쌍성
3,이별의 저편
3,엘리자베타
3,피스메이커
3,고귀한 일족
3,흑역사 생성기
3,나의 먼 가족
3,신 천녀유혼 2: 원령대전
3,타이만
3,그리고 방행자
3,신 강시선생
3,달콤한 저주
3,행복의 속도
3,희수
3,다이어리 오브 러브
3,천사는 바이러스
3,그대 너머에
3,화이트데이: 부서진 결계
3,나의 별에게
3,브릭스턴 테일
3,자이언트 스파이더
3,파이프라인
3,베르나르다 알바
3,더 네스트
3,더 빌리지
3,유나바머: 테드 K
3,맨 인 러브
3,더 매치: 1944
3,큰엄마의 미친봉고
3,랑종
3,더스트맨
3,데드 캠프: 리부트
3,샬러턴
3,끝없음에 관하여
3,디 아더 사이드
3,스파이즈
3,정말 먼 곳
3,청춘적니
3,Asteroid
3,쇼미더고스트
3,살인의 공간
3,보일링 포인트
3,아이 엠 벤전스
3,스네이크 아이즈: 지.아이.조
3,빛과 철
3,딜리셔스: 프렌치 레스토랑의 시작
3,스폰지밥 무비: 핑핑이 구출 대작전
3,F1: 분노의 질주
3,시도니아의 기사 : 사랑을 잣는 별
3,씽2게더
3,플랜 A
3,크리미널 트위스트
3,문명: 최후의 섬
3,주주총회
3,방학별주
3,글로벌힐링 최고의 선택
3,불가사의적애정
3,참주화소저
3,디어 프렌즈 - 아적표량붕우
3,개미의 꿈
3,맘마미안
3,TOKYO MER - 달리는 긴급 구명실
3,Be Loved in House 약정~I Do
3,장갑 소녀 전기
3,청춘수조위
3,연기꾼
3,변성니적나일천: 네가 된 그날
3,진화의 열매 ~모르는 사이 성공한 인생~
3,셰프는 명탐정
3,최혹적세계
3,더 레이디 앤 더 데일
3,니미소시흔미
3,오케이 광자매
3,모범택시
3,그 해 우리는
3,궁극 진화한 풀다이브RPG가 현실보다도 망겜이라면
3,"전투원, 파견합니다!"
3,나의 살의가 사랑을 했다
3,바니타스의 수기
3,B급 청춘
3,모어
3,동피철골 : 방세옥
3,정브르의 동물일기
3,신패왕화 : 예스마담
3,휴가
3,귀여운 남자
3,추격자: 살인자의 증거
3,슈퍼문
3,노가리
3,항마전 2: 흑룡의 부활
3,아수라도
3,턴: 더 스트릿
3,태극권: 악의 전령
3,교향시편 유레카 세븐 하이에볼루션 3
3,한창나이 선녀님
3,라스트 드라이버
3,와일드 리벤지: 마지막 한 놈까지
3,R.I.A: 사이보그 그녀
3,싱크홀
3,아리아 : 더 베네디지오네
3,Death Saved My Life
3,세상의 모든 디저트: 러브 사라
3,미션 파서블
3,다크 웹
3,데빌 빌로우
3,기억의 시간
3,소리꾼
3,럭키데이
3,아이다 레드
3,소피의 낭만적 연애와 그 후의 일상
3,바디 브로커
3,바이올런트 러브
3,로켓 파이어
3,더 모텔
3,노 서든 무브
3,창애: 짐승 잡는 덫
3,캐슬 폴스: 머니 게임
3,피어 오브 레인
3,파일럿: 배틀 포 서바이벌
3,뱅퀴시
3,신비한 마법사의 비밀
3,웨이 다운
3,마피아 INC
3,아임 유어 맨
3,픽시
3,모탈 컴뱃
3,슈퍼 히어로
3,100세 프로젝트
3,염라왕이 뿔났다
3,편 먹고 공치리
3,블루버스데이
3,시대를 바꾼 아티스트 데뷔의 순간
3,된다! 뭐든!
3,돈쭐내러 왔습니다
3,산다든가 죽는다든가 아버지라든가
3,펌킨타임
3,호호생활 : 아름다운 인생
3,천지창조 디자인부
3,속아도 꿈결
3,연모
3,밀고는 부른다 경찰청 감찰 파일
3,군구령
3,불멸의 그대에게
3,와다가의 남자들
3,러더포드 폴스
3,에도모아젤
3,사등
3,미소년 탐정단
3,우리들의 리메이크
3,Time
3,닥터 데스
3,La Brea
3,종말의 하렘
3,랜드스케이퍼스
3,Platinum End
3,처키
3,당가주모
3,헬조선에서 살아남기
3,살인의 형태
3,궤도 이탈자들
3,Do You Need A Husband?
3,요시찰
3,고양이에게 밥을 주지 마세요
3,좀비크러쉬: 헤이리
3,적인걸: 지옥도 살인사건
3,1984 최동원
3,미이라: 유령군단
3,전야
3,첫날밤과 손가락
3,CCTV
3,Go to Kill
3,달빛 그림자
3,당신은 믿지 않겠지만
3,남권: 영웅쟁패
3,망자의 계곡
3,빅샤크4 : 바다공룡 대모험
3,핑크 클라우드
3,이혼을 부르는 말: 탈라크
3,극장판 페이트/그랜드 오더 - 신성원탁영역 카멜롯 - 팔라딘; 아가트람
3,킬러는 메이드 사마
3,꽃다발 같은 사랑을 했다
3,이스트 워
3,봉마전
3,엔드게임: 나는 킬러다
3,드림 스캐너
3,스파이의 아내
3,사대명포 5
3,사악한 쾌락 : 킬러들의 험담
3,도살자들: 돌아온 텍사스 전기톱 살인자
3,인생 2막의 우정
3,듄
3,오버런: 100만 달러의 사나이
3,라자루스
3,노 맨즈 랜드
3,갱스터 오브 뉴욕
3,보이스
3,어른들은 몰라요
3,프라미싱 영 우먼
3,죽여줘 올리비아 : 뱀파이어 킬러
3,프레임
3,에펠
3,"굿바이, 버터플라이"
3,카드 카운터
3,리스타트
3,맨 인 더 다크 2
3,더 배니싱
3,핑크퐁! 호기의 탐정사무소
3,크리켓팡
3,서바이벌 가족퀴즈쇼 퀴즈몬
3,설계자들
3,청년들의 페이스北
3,살롱 드 폴
3,"아모르 파티 - 사랑하라, 지금"
3,UHD 환경스페셜
3,역사놀이패 아리아리
3,어슐랭 가이드
3,사쿠라 대전 - 칸자키 스미레 은퇴 기념
3,정서원나요가애 : 귀여운 프로그래머
3,배달고파? 일단 시켜!
3,그때 키스해 두었더라면
3,셔플 아일랜드
3,"니호, 화염람"
3,하선생적연연불망
3,탱키박스
3,표착자
3,소녀예상
3,아적총물소장군
3,일편빙심재옥호 - 강호의 수사관
3,두 번째 남편
3,크리머리: 라스트 맨
3,아화아적시광소년 - 우리들의 청춘시대
3,전과자 - 신참 보호사・아가와 카요
3,"사랑, 그 어디쯤 : 아시진적애니"
3,히가시노 게이고 방황하는 칼날
3,안녕? 나야!
3,대채시대
3,"경찰견 올리버, 이 녀석"
3,오! 주인님
3,변경의 팔라딘
3,울프
3,백 텀블링!!
3,세븐나이츠 레볼루션 -영웅의 계승자-
3,유 레이즈 미 업
3,Won Deo Umeon
3,SSSS.다이나제논
3,스타브드 록 살인사건
3,보이는 여고생
3,결혼의 풍경
3,어쩌다 가족
3,야만의 역사
3,밥이 되어라
3,다이노 마이 프렌드
3,썸머 필름을 타고!
3,사조영웅전: 구음백골조
3,원나잇 인 프랑스
3,당신의 사월
3,이상존재
3,레일웨이 히어로즈
3,후드맨
3,혼자 사는 사람들
3,고백
3,아리아 : 더 크레푸스콜로
3,나츠메 우인장: 이시오코시와 수상한 방문자
3,Hinterland
3,아이의 노랫소리를 들려줘
3,도라에몽: 스탠바이미 2
3,브라더
3,구원받은 도둑
3,송해 1927
3,제왕나비의 전설
3,스틸워터
3,숨바꼭질 : 같이 놀아줘
3,더 나쁜 녀석들
3,올드
3,MC의 여왕: 웬디 윌리엄스
3,뱅드림! 로젤리아 에피소드 Ⅱ : 송 아이 엠
3,땅속에
3,인피니트
3,초록밤
3,데스 게임
3,이스케이프 큐브
3,사탄의 드론
3,임플란티드
3,킬러 하이드
3,아마겟돈 2046
3,데미갓
3,보스 베이비 2
3,애프터 체르노빌
3,스토커
3,스페인 어게인
3,나이트 레이더스
3,척살소설가
3,건파우더 밀크셰이크
3,그 시절
3,투게더 투게더
3,서바이벌리스트
3,스피드: 레이스 1
3,프렌치 디스패치
3,프렌치 엑시트
3,제로스 앤 원스
3,썸머 85
3,스파이더맨: 노 웨이 홈
3,노바디
3,하우스 오브 스네일스
3,채소가지구
3,흑조의 호수
3,배니축풍비상: 너와 함께 비상
3,나오짱은 초등학교 3학년
3,야한 남자친구가 나를 유혹한다
3,반경 5미터
3,리모델링 the 셀럽 하우스
3,팔아줘! 홈즈
3,애적이상생활
3,빈집살래
3,원래시광도기득: 시간은 다 기억해
3,옥소령
3,침수화원 : 꿈 속의 화원
3,꾸미는 사랑에는 이유가 있어
3,Blue Reflection Ray
3,옷소매 붉은 끝동
3,작열 카바디
3,니시오기쿠보 3성 양주당
3,무사 스턴트 아이사카 군!
3,달과 라이카와 흡혈공주
3,대한민국 치킨대전
3,리스키 리벤지
3,Fairy 란마루 ~당신의 마음을 구해드리겠습니다~
3,쇼윈도: 여왕의 집
3,산하령
3,역전세계의 전지소녀
3,현실주의 용사의 왕국 재건기
3,경계전기
3,탁트 오퍼스 데스티니
3,여신 기숙사의 사감 군.
3,호리미야
3,원더 에그 프라이어리티
3,Mare of Easttown
3,무직전생 ~이세계에 갔으면 최선을 다한다~
3,게키돌
3,가남전
3,레드 아이즈 ~ 감시수사반 ~
3,특종 기자
3,핫 블러드
3,해피니스
3,퇴마행자
3,유 메이크 미 댄스 (영화)
3,00K9: 노 타임 투 다이
3,꿈꾸는 고양이
3,Granite
3,스트레스 제로
3,손오공: 더 파이널
3,끝까지 간다
3,수색자
3,로스트 인 스페이스: 타이탄의 반격
3,트웬티 해커
3,간호중
3,"구라, 베토벤"
3,그날 밤의 살인자
3,깨복쟁이
3,엽문: 종사각성
3,가이아
3,피어: 마지막 생존자
3,인싸
3,여름날 우리
3,파라노말 리얼리티
3,이스트 오브 더 마운틴스
3,로스트 도터
3,썸머 고스트
3,노 맨 오브 갓
3,테이크 백
3,더 로스트 레오나르도
3,너도 평범하지 않아
3,골리앗
3,카운터 어택
3,극장판 귀멸의 칼날: 무한열차편
3,할로윈 킬즈
3,FBI 덴저러스
3,존 414
3,에이펙스
3,빅풋 VS. 메가로돈
3,파라노말 액티비티: 넥스트 오브 킨
3,킹 리차드
3,극장판 바이올렛 에버가든
3,트러플 헌터스
3,코비드 21
3,러브테크(LOVETECH)
3,질문하는 기자들 Q
3,포텐독
3,KBS 다큐 클래식
3,일꾼의 탄생
3,미스 몬테크리스토
3,무당일검
3,일진에게 반했을 때
3,한쿡사람
3,디사이드 트로이메라이 THE ANIMATION
3,루브르 종이전쟁
3,공상가들
3,월광변주곡
3,추억은 방울방울
3,문천록
3,맥생적연인: 낯선 연인
3,"슬라임을 잡으면서 300년, 모르는 사이에 레벨 MAX가 되었습니다"
3,비주얼 프리즌
3,MacGruber
3,그래플러 바키는 BL이 아닐까 하고 계속 생각했던 소녀의 기록
3,대박부동산
3,"거미입니다만, 문제라도?"
3,당신이 혹하는 사이
3,이분의 일 부부
3,설중한도행
3,췌서 : 데릴사위
3,옥루춘
3,아머드 사우루스
3,전국방방쿡쿡
3,에덴
3,그녀도 여친
3,30 Monedas
3,WAVE!!~서핑하자!!~
3,"당신을 웃게할 건강 정보, 스마일"
3,가극 소녀!!
3,펜션 메챠
3,이비자 스캔들
3,"우리 집 딸은, 남자친구가 생기지 않아!!"
3,걸스파이브에바
3,우리는 이별에 서툴러서
3,러브 앤 위시
3,아웃브레이크
3,그녀는 허락하지 않아
3,메모리: 조작살인
3,"좋은 빛, 좋은 공기"
3,낫아웃
3,요요현상
3,오공
3,색다른 그녀
3,Hell Hath No Fury
3,적인걸 : 천수불의 비밀
3,언힐러
3,마터스 레인: 천사의 눈물
3,쿠르드 솔저
3,더 나이트
3,Pokémon the Movie: Secrets of the Jungle
3,몬테크리스토: 더 뮤지컬 라이브
3,류선비의 혼례식
3,물방울을 그리는 남자
3,괴기맨숀
3,애니멀 체인지
3,락 다운
3,사일런트 나이트
3,코드 카림
3,여고괴담 여섯번째 이야기: 모교
3,쥬라기 리턴즈
3,타임 이즈 업
3,내가 죽기를 바라는 자들
3,캠 걸
3,새해전야
3,데인저 파크
3,라스트 나잇 인 소호
3,레지던트 이블: 라쿤시티
3,체르노빌 1986
3,Separation
3,레미니센스
3,킬링 데이트
3,닥터 데스
3,밀리터리 맨
3,허셀프
3,크라이시스
3,핑크퐁 한글동요
3,인류 문명의 비밀
3,사건기록 그날의 선택
3,2021 창원 K POP 월드 페스티벌
3,"아시세월니시성진 : 나는 세월, 너는 별"
3,언니가 쏜다!
3,의사가 온다
3,춘래침성하
3,샌드위치 이론
3,전국 무장에게 배우는 살아가는 힘
3,너의 재생목록
3,잡동산
3,교약운간월
3,사랑입니다! ~양키 군과 하얀 지팡이 걸~
3,화호월우원
3,반난시광: 그날의 기억
3,"괴롭히지 말아요, 나가토로 양"
3,정청춘
3,웰컴 투 우트마크
3,당애정우상과학가 : 사랑에 빠진 과학자
3,섀도 하우스
3,평온세대의 위타천들
3,투라대륙
3,오월의 청춘
3,리메인
3,흡혈귀는 툭하면 죽는다
3,성녀의 마력은 만능입니다
3,서니 보이
3,회복술사의 재시작
3,약캐 토모자키 군
3,두 교수의 은밀한 만남
3,언더그라운드
3,디스 아메리카노
3,이 안에 외계인이 있다
3,간이역
3,액션히어로
3,적인걸 2021: 분천이화
3,뽀로로 극장판 보물섬 대모험
3,모사드: 인질구출작전
3,극장판 콩순이: 장난감나라 대모험
3,소리에 놀라지 않는 사자처럼
3,영화의 거리
3,요재신편: 구미호
3,사제로부터 온 편지
3,칼리버 9: 마피아 워
3,영화 너무 좋아 폼포씨
3,아메리칸 나이트
3,보더라인
3,데쓰 캘린더
3,V/H/S/94 : 파멸을 부르는 비디오
3,커밍 홈 인 더 다크
3,베르히만 아일랜드
3,겟썸 4
3,더 라스트 선
3,노르망디 상륙작전
3,트랜스포터: 라스트 어쎄신
3,기적: 세 가지 이야기
3,군다
3,시카리오: 나이트 오브 이스케이프
3,마크맨
3,컨저링: 악마가 돌아왔다
3,워 패스
3,킹 오브 스네이크3
3,우주 전쟁: 몬스터 헌터
3,장르만 로맨스
3,인질
3,블러디 빌리지
3,스피릿
3,커넥트
3,생존자들: 더 레스큐
3,당인가탐안 3 : 밀실 살인사건
3,섀도우 클라우드
3,화이트 라이언 스노우볼
3,빅풋 주니어2: 패밀리가 떴다
3,아빠가 되는 중
3,나의 히어로 아카데미아 더 무비: 월드 히어로즈 미션
3,이스케이프 룸 2: 노 웨이 아웃
3,스펜서
3,퍼피 구조대 더 무비
3,베스트셀러
3,더티 워크
3,분노의 질주: 더 얼티메이트
3,핑크퐁 자동차동요
3,"행복한 동행, 오! 마이 라이프"
3,UHD 역사스페셜
3,러브 앤 위시
3,도쿄괴기주
3,비하인드 컷
3,하트가 빛나는 순간
3,썸에어
3,한글용사 아이야
3,신과 함께
3,너의 밤이 되어줄게
3,혼인 신고서에 도장을 찍었을 뿐인데
3,공자경성
3,십이담
3,달이 뜨는 강
3,마이코네 행복한 밥상
3,핀포인트 TV
3,Ordinary Joe
3,"안녕, 나의 크라머"
3,고백컴퍼니
3,아름다운 그
3,위대한 집쿡연구소
3,무지개색 카르테
3,꽃 피면 달 생각하고
3,신사와 아가씨
3,아이★츄
3,앤 저스트 라이크 댓...
3,탐정은 이미 죽었다
3,더 이퀄라이저
3,영면
3,서유기: 손오공 홍해아 대전
3,운봉
3,생각의 여름
3,은밀한 비밀 계정
3,드림메이커
3,동백
3,심해괴수
3,남의 나라
3,수상한 법정
3,"무순, 세상을 가로질러"
3,큐브
3,송가인 더 드라마
3,내겐 너무 소중한 너
3,밴디다스 : 놈의 심장을 뜯어라
3,유령도시에 나타난 육식공룡 랩터
3,My Grandmother Fanny Kaplan
3,라이즈 오브 더 풋솔져: 오리진스
3,아스펜의 공포와 혐오
3,까치발
3,당신은 학생인가
3,환영합니다 빌라 벨라
3,태양은 움직이지 않는다
3,콜로니: 지구 귀환 프로젝트
3,어썰트 33
3,소드 아트 온라인 -프로그레시브- 별 없는 밤의 아리아
3,나의 흑역사 로맨티카
3,롱 위켄드
3,쇼 미 더 파더
3,램
3,천국의 남쪽
3,아메리칸 시카리오: 데이 오브 블러드
3,언싱커블
3,밀리언 달러 트러블
3,크라이 마초
3,쥬라기 헌트
3,원샷
3,기괴한 숲 속 마을
3,블러드 스카이 19
3,더티헤비
3,베놈 2: 렛 데어 비 카니지
3,시티 오브 라이즈
3,훈즈: 제국의 탄생
3,에이전트 라스트 워
3,드라큘라 2021
3,해피 클리너스
3,피터 래빗 2: 파 프롬 가든
3,트리거 포인트
3,핑크퐁 공룡동요
3,고생 끝에 밥이 온다
3,핑크퐁! 아기상어 크리스마스
3,마영정 1 : 상해탄
3,연지채
3,아적소확행
3,우연틈입적세계
3,누구세탁소
3,화신적안루 : 불의 눈물
3,장군가적소호선
3,세종에서 BTS까지 ㄱ을 기억하다
3,국자감래료개여제자
3,프로미스 신데렐라
3,순백의 소리
3,다이쇼 소녀 전래동화
3,"우키와 -우정 이상, 불륜 미만-"
3,멀리서 보면 푸른 봄
3,괴병의 라무네
3,"지금, 헤어지는 중입니다"
3,거짓말에서 시작되는 사랑
3,그래서 나는 안티팬과 결혼했다
3,삼각창의 밖은 밤
3,앨런 vs 패로: 진실공방
3,소꿉친구가 절대로 지지 않는 러브 코미디
3,선배가 짜증 나는 후배 이야기
3,테슬라 노트
3,다 잘될 거야
3,킬러파티 (양수리 살인사건)
3,프리! 더 파이널 스트로크 전편
3,피노키오: 새로운 모험
3,내가 처음으로 사랑한 소녀
3,황비홍: 무신임세영
3,썬더 체이스
3,울림의 탄생
3,피치 오브 타임
3,호러 샤크
3,사막을 건너 호수를 지나
3,바이크 원정대: 인 이탈리아
3,내가 죽어 누워 있을 때
3,언프리티 발렌타인
3,태일이
3,최면
3,귀문
3,남북전쟁: 황야의 무법자
3,피어썸
3,디시젼: 리퀴데이션
3,극장판 소녀☆가극 레뷰 스타라이트
3,비와 당신의 이야기
3,열대왕사
3,비와 당신의 이야기
3,첫눈이 사라졌다
3,바이스 시티
3,아파치 정션 : 무법자의 지대
3,레드 아워
3,텔레마케터의 죽음
3,더 리조트: 반쪽 얼굴의 소녀
3,FBI 데스트랩
3,더 퍼지: 포에버
3,미결처리반 Q: 침묵의 암살자
3,진삼국무쌍
3,닥터 스트레인저
3,레드 로켓
3,내 멋대로 사는 소녀들
3,취권 소걸아
3,미씽: 다자브의 비밀
3,시카다 3301
3,Insight
3,락트 인
3,럼블
3,하빗
3,애프터 스톰
3,아문센
3,음식의 언어
3,기지적연애생활
3,괴기맨숀: 디 오리지널
3,건강비결 좋아요
3,어사소오작
3,대한민국 1% 건강청문회
3,Miss Crow with Mr. Lizard
3,그림맛집 미·알·랭
3,겟타로보 아크
3,86 -에이티식스-
3,백령담
3,쟈히님은 기죽지 않아!
3,그녀의 버킷리스트
3,트웬티해커
3,달리와 감자탕
3,토요일은 밥이 좋아
3,토요일은 밥이 좋아
3,영롱 - 신주의 모험
3,위크로스 디바 얼라이브
3,절대 BL이 되는 세계 VS 절대 BL이 되고 싶지 않은 남자​
3,나의 누나
3,원데이클래스
3,원래아흔애니: 원래 널 좋아했어
3,대송궁사
3,이세계 피크닉
3,Frank of Ireland
3,괴물사변
3,프레이터의 상처
3,요란 THE PRINCESS OF SNOW AND BLOOD
3,홍천기
3,아기상어: 올리와 윌리엄
3,지구별 방랑자
3,절색특공 : 데드 스콜피온
3,안노 히데아키: 안녕! 모든 에반게리온
3,어나더 미
3,대환장파티
3,특수팀
3,사랑인가 바
3,당문 : 미인강호
3,블레이징 썬
3,쓰나미
3,특수부대 비룡
3,포스트 모템
3,타다: 대한민국 스타트업의 초상
3,멀리가지마라
3,만년이 지나도 변하지 않는 게 있어
3,버드나무숲 양림
3,보는 것을 사랑한다
3,팔마
3,위시유
3,초신경호 : 수퍼 보디가드
3,"선생님, 내 옆에 앉아줄래요?"
3,청킹맨션
3,시그널 X: 영혼의 구역
3,블룸 업: 스와핑
3,사랑할 땐 누구나 최악이 된다
3,데스 밸리
3,사랑할 땐 누구나 최악이 된다
3,"우리, 둘"
3,더 그레이트 샤크
3,다함께 여름!
3,쿵후 타이거
3,비보의 살아있는 모험
3,나르코 서브
3,잉글리시 북 클럽: 반지의 제왕
3,언노운 킬러
3,스카이파이어
3,개인레슨
3,다이하드 먼데이
3,아메리칸 히트맨
3,미첼 가족과 기계 전쟁
3,할로윈 킬러
3,드림빌더
3,패러렐 마더스
3,리뎀션 데이
3,빌어먹을: 웰컴 투 헬
3,7번째 날
3,아이스 데몬
3,굿모닝 키스
3,가면라이더 드라이브
3,핑크퐁 상어가족과 노래해요
3,핑크퐁! 버스동요
3,골든타임 씨그날
3,아취시저반여자 : 그런 여자 또 없습니다
3,백프로시대
3,청락
3,핫 마마
3,상양부
3,매괴행자
3,마시는 녀석들
3,데지 미츠 걸
3,솔로 활동 여자의 추천
3,어차피 이제 도망갈 수 없어
3,"아적시대, 니적시대"
3,심도원계획 : 두근두근 스파이
3,나만 들어가는 숨겨진 던전
3,봉군정당시 : 그대는 나의 운명
3,외식하는 날 at Home
3,타재역광중고백
3,사랑의 꽈배기
3,피치보이 리버사이드
3,레인보우 로즈
3,치어핏
3,오드 택시
3,수염을 깎다. 그리고 여고생을 줍다.
3,구미호 레시피
3,썸머가이즈
3,그 놈 목소리
3,라켓소년단
3,수영 : 라이벌 로맨스
3,경찰수업
3,오르텐시아 사가
3,사신 도련님과 검은 메이드
3,공연에 반하다
3,SK∞ 에스케이 에이트
3,"진정한 동료가 아니라고 용사 파티에서 쫓겨났기 때문에, 변경에서 슬로우 라이프 하기로 했습니다"
3,딥 인세니티 더 로스트 차일드
3,프리티 하드 케이스
3,프라오레! ~PRIDE OF ORANGE~
3,펨브룩셔 살인사건
3,일견경심 : 첫눈에 반하다
3,지시결혼적관계
3,영 락
3,세상은 요지경
3,노프라블랜드
3,우리도 모르는 사이
3,대막신룡: 천 년의 신화
3,킹덤스쿨-어둠속의 그림자
3,로또 쉐어
3,극장판 엉덩이 탐정: 수플레 섬의 비밀
3,고검기담
3,킬링톡
3,오숙근: 길 떠나는 가족
3,파이널 플래툰
3,된다! 뭐든! 무서울 뻔~한 이야기
3,윈터 헝거
3,Monsta X: The Dreaming
3,솔저 발터
3,장농
3,새터데이 픽션
3,4인의 설계자: 불상의 비밀
3,리플레이: 다시 시작되는 순간
3,해길랍
3,평범한 로맨스
3,벌거벗은 천사 - 붉은 방
3,닥터 리벤지
3,루팡의 딸 극장판
3,걸즈 앤 판처 최종장 제3화
3,전설의 킬러: 아킬라
3,슈퍼스타 뚜루
3,앰뷸런스
3,나는 나를 해고하지 않는다
3,더 언홀리
3,모가디슈
3,베네데타
3,중동의 평화 : 그 25년의 노력
3,고스트 버스터즈 라이즈
3,브로큰 다크니스
3,워 빌로우
3,아이스 로드
3,적과의 동침
3,매트릭스: 리저렉션
3,리터너 : 타임 킬러
3,8-비트 크리스마스
3,슈퍼노바
3,현.지.인의 팔도보고서
3,XR 우주대기획 : 더 홈
3,물들여
3,풍기낙양
3,채널A 10주년 프라임 다큐 지구는 엄마다
3,키스 더 유니버스
3,피의 게임
3,볼 빨간 신선놀음
3,똘똘이 그림일기 동요
3,암격리적비밀 : 서랍 속 비밀
3,영롱랑심
3,금천불시최후일천
3,이렇게 된 이상 청와대로 간다
3,표리부동
3,백종원 클라쓰
3,세상의 끝에서 읽는 한 권의 책
3,빨강 구두
3,미치지 않고서야
3,예를 들어 라스트 던전 앞 마을의 소년이 초반 마을에서 사는 듯한 이야기
3,The Girl in the Woods
3,치트 약사의 슬로 라이프 ~이세계에 만들자 드러그 스토어~
3,태종 이방원
3,엉클
3,멋진 이 세계 The Animation
3,네버스
3,셀렉션 프로젝트
3,백 애로우
3,스케이트 리딩☆스타즈
3,하얀 모래의 아쿠아톱
3,너와 세계가 끝나는 날에
3,"세계 최고의 암살자, 이세계 귀족으로 전생하다"
3,마음의 소리 스페셜 5 - 엔젤전설
3,원수는 우리집 거실에서 만난다
3,키스반 양념반
3,봉신연의
3,봉신전설
3,라이브 하드
3,쩐의 전쟁 인 오사카
3,특수요원 빼꼼
3,무간귀도
3,킹덤스쿨-절대악
3,소림천하: 제국의 부활
3,극장판 금빛 모자이크 땡큐!!
3,숲의 비명: 사라진 사람들
3,습도 다소 높음
3,사이렌
3,더 톨: 함정
3,연애 빠진 로맨스
3,I am not a terrorist
3,스네이크헤드
3,Wired Shut.
3,서핑업
3,아무도 없는 곳
3,뱅드림! 로젤리아 에피소드 I : 약속
3,악플러 죽이기
3,졸트
3,바바 야가 검은 가시 마녀
3,퍼펙트 스틸
3,백만달러와 시체
3,"조제, 호랑이 그리고 물고기들"
3,레이징 파이어
3,모든 것을 벗어던진 특별한 여행
3,히트맨: 코드네임 버튜소
3,알.이.엠
3,전쟁 속 우정: Anton
3,헤이팅 게임
3,번 아웃
3,스키핑 스톤
3,그린 나이트
3,아포칼립스: 인류 최후의 날
3,은혼 더 파이널
3,블리자드 오브 소울
3,애프터: 관계의 함정
3,키스 넘버 나인
3,순간의 선택 골든타임
3,신계숙의 맛터사이클 다이어리
3,스라소니 아카데미
3,우당탕탕 은하안전단
3,핑크퐁! 크리스마스 동요
3,옆집마녀 제이
3,별상타요아학습
3,국가대표 와이프
3,쌍면신탐
3,인플루언스
3,우리 집 이야기
3,스낵 키즈츠키
3,"남자 카피라이터, 육아 휴직을 받다."
3,린코씨는 해보고 싶다
3,이벤트를 확인하세요
3,여심리사
3,슈퍼커브
3,만난 지 5초만에 배틀
3,백옥사무하
3,벚꽃의 탑
3,보쌈 - 운명을 훔치다
3,아직 낫서른
3,"드래곤, 집을 사다."
3,당한 쪽의 비극
3,네가 내가 되었으면 좋겠다
3,썸에어
3,지저귀는 새는 날지 않는다: 돈 스테이 골드
3,수필러브
3,Resbak
3,작전: 라스트 어썰트
3,관계의 가나다에 있는 우리는
3,라임크라임
3,나는 조선사람입니다
3,스카이 인베이젼
3,먼데이의 위대한 여정
3,퍼스트 러브
3,실랏 : 옹박의 후예
3,왕십리 김종분
3,파르티잔 워
3,뉴 뮤턴트: 인피니티 프로젝트
3,신 테니스의 왕자 효테이 vs 릿카이 : 게임 오브 퓨처 전편
3,강릉
3,엣지 오브 더 월드
3,리버
3,물괴: 검은숲의 비밀
3,코펜하겐 스캔들
3,더 스크래퍼
3,"쿠오바디스, 아이다"
3,더 헌트: 명예살인
3,향수: 파리의 조향사
3,세인트 모드
3,레커닝
3,개목걸이 0
3,결혼 후에 남겨진 것들
3,나인 데이즈
3,"파리, 13구"
3,솔져스 리벤지
3,나인 데이즈
3,최후의 증언
3,어라이즈
3,테드: 미다스 황금손의 비밀
3,It Came from Below
3,고스트랜드
3,올드 헨리
3,미트 페어런츠-비기닝
3,아웃포스트 369
3,우연과 상상
3,싱스트릿
3,반전의 하이라이트
3,혼밥인생
3,내 몸을 살리는 발견 유레카
3,류수영의 동물티비
3,스윗 골프
3,빵카로드
3,빅퀘스천
3,누가 누굴 인터뷰
3,장안락
3,검은태양
3,원래니시저양적고선생 : 넌 나의 Mr. Right
3,미스터 LEE
3,맛있는 코멘터리 단짠단짝
3,핑크퐁! 우주동요
3,시키자쿠라
3,아적감개여왕
3,기지적상반장
3,카케구루이 트윈
3,신장개업 운동맛집
3,오마메다 토와코와 세 명의 전 남편
3,세계미진리: 세상의 먼지 속에서
3,메카드볼
3,목표가 생겼다
3,니시아적성지영루: 나의 영웅에게
3,러블리 라이터
3,도쿄방치식당
3,세스타스 -The Roman Fighter-
3,도미나
3,스파이시 걸스
3,달이 이끄는 이세계 여행
3,심야병원
3,도쿄 리벤저스
3,나이트 닥터
3,영역
3,이치케이의 까마귀
3,오프 더 레코드
3,정령환상기
3,화이트 로투스
3,귀에 맞으신다면
3,비비 플로라이트 아이즈 송
3,레지던트 에이리언
3,잊지 않았어요
3,어떤 관계
3,진정령 난백
3,총을 들지 않는 사람들 2: 금기에 도전
3,척살대
3,풍운 3
3,메가 샤크
3,위시 어폰2: 저주의 주문
3,하이큐!! 또 다른 도전
3,무지개 여신
3,시호
3,신황제를 위하여
3,카운터 스트라이크
3,내언니전지현과 나
3,사랑하고 있습니까
3,데빌스 나이트
3,God of War: Zhao Zilong
3,우주에서 가장 밝은 지붕
3,수요일이 사라졌다
3,내가 죽던 날
3,리우 2096
3,하모니 밸리에서의 사랑
3,캠핑장의 살인
3,러브 인 메인스트리트
3,소녀☆가극 레뷰 스타라이트 론도 론도 론도
3,다이노 월드: 배틀어택
3,다이노 월드: 배틀어택
3,나의 인생여행
3,루팡 3세 더 퍼스트
3,라 카사: 영혼의 집
3,변신 : 어느날 갑자기
3,임신한 나무와 도깨비
3,스카이라인: 라스트 워
3,너는 저편에
3,더 테러 라이브: 스쿨 어택
3,"안녕, 미누"
3,켈리 갱
3,건담 G의 레콘기스타 2: 벨리 격진
3,별장에서 생긴 일
3,15 킬링즈
3,위 섬온 더 다크니스
3,로그
3,결코 죽지 않는 남자!
3,시크릿 에이전트
3,스파이: 타임 투 저스티스
3,타임루프: 초시공간여행
3,레이니 데이 인 뉴욕
3,브리더
3,몬스터 헌터
3,라스트 샷
3,커런트 워
3,딥 언더워터
3,휘파람의 노래: 시벨
3,진격의 거인: 크로니클
3,시빌
3,세이브 유어셀브즈!
3,2067
3,빌리와 용감한 녀석들 3
3,스나이퍼: 암살자의 최후
3,딥워터
3,간단한 미인레시피
3,수도항쟁
3,양광지하
3,죽고 싶은 밤에 한하여
3,청춘창세기 스타트 업
3,나는 살아있다
3,랑전하
3,코드 404
3,대주재
3,좀비탐정
3,17.3 about a sex
3,위험한 약속
3,용령미굴
3,요괴 셰어하우스
3,여자 구르메 버거부
3,선생님을 없애는 방정식
3,도도솔솔라라솔
3,인텔리전스
3,나를 사랑한 스파이
3,펜트하우스
3,길티 ~이 사랑은 죄입니까?~
3,하우젠
3,서약
3,아다치와 시마무라
3,코브라
3,다윈즈 게임
3,데카당스
3,금의위-기문둔갑
3,욕창
3,완벽한 타인: 블러디 문
3,상해풍운
3,킬러비 인베이전
3,적인걸: 나찰의 비밀
3,산해거수
3,킹 오브 프리즘 올 스타즈 -프리즘 쇼☆베스트10-
3,굿 마더
3,혼 : 공포의 시작
3,스웨그
3,고양이 집사
3,인어전설: 전사의 귀환
3,성의 극약
3,프리즌 브레이커스
3,신마영정: 야인시대
3,적호서생
3,크리처 인 더 다크
3,더 독: 무법도시
3,도굴꾼
3,국도극장
3,실: 인연의 시작
3,조제
3,경호원
3,블러드 퀀텀
3,나의 이름
3,"사랑하고 사랑받고, 차고 차이고"
3,코만도: 라스트 액션 히어로
3,후쿠오카
3,위험한 가족
3,천녀유혼: 인간정
3,스페셜 포스 전랑
3,리유니언
3,지니어스 독
3,매지컬: 공주를 웃겨라
3,우먼
3,무간도5: 생사잠행
3,포제서
3,더 바이블 브릭무비
3,300: 전사의 귀환
3,T.K.G 저스티스
3,헌터스 문
3,코벤
3,토이무비: 미래대모험
3,더 레치드: 악령의 저주
3,신들의 분노
3,쉬 네버 다이
3,더 프로텍터
3,로빈의 소원
3,요나스 프로젝트
3,나쁜 녀석들: 포에버
3,버즈 오브 프레이: 할리 퀸의 황홀한 해방
3,레드슈즈
3,시로바코 극장판
3,닥터 두리틀
3,프린스 코기
3,마를린
3,죽음의 서약
3,독고황후
3,슈마린펌프와 통문자권법 1급
3,마녀들
3,공룡전사의 대모험
3,아적청춘몰재파
3,볼빨간 라면연구소
3,한번 더 체크타임
3,투페이스
3,료불기적여해
3,기린이 온다
3,전장의 영웅들
3,러브 앤 프로듀서
3,나만이 17세인 세상에서
3,전세계최호적니
3,갸루와 공룡
3,"그리고, 유리코는 혼자가 되었다"
3,오늘 밤은 코노지에서
3,위험한 비너스
3,역사 미궁으로부터의 탈출
3,"행복, 촉수가급!"
3,트랜스플랜트
3,꿈속의 뮤
3,"여친, 빌리겠습니다"
3,뒤떨어진 후르츠 타르트
3,언두잉
3,플롯 어게인스트: 미국을 향한 음모
3,플레이북: 게임의 법칙
3,더 레이크
3,마음의 소리 스페셜 4 - 스펙타클 임팩트맨
3,죽도 서핑 다이어리
3,수호지 임충 : 산신묘
3,궁궐에서
3,사랑의 정비소
3,무당 장천사
3,내 편이 없어
3,몽키킹: 투신의 부활
3,스카이와 친구들 : 로보시티의 비밀
3,마리오 보타: 영혼을 위한 건축
3,리멤버 미
3,사라진 연인: 평행 세계
3,구직자들
3,잔칫날
3,선데이리그
3,오늘부터 우리는!!
3,바커스: 고양이를 조심해!
3,Wade in the Water
3,오사카 소녀
3,괴짜들의 로맨스
3,언프레그넨
3,어센트: 타임슬립
3,소년의 사랑과 우정
3,파티장의 킬러
3,레드 라텍스
3,포켓몬스터 극장판 - 뮤츠의 역습 EVOLUTION
3,로망스 돌
3,로그 시티
3,엔젤스 폴른
3,심용결2: 신의 무덤
3,애비규환
3,아이 스틸 빌리브
3,와일드 구스 레이크
3,복수의 밤
3,몬스터 오브 맨
3,그린랜드
3,페인트볼
3,터미네이터: 다크 페이트
3,인투 더 보이드
3,보이스비
3,사랑 결혼 그밖에 것들
3,코스모볼
3,산타킬러스
3,더 보이 2: 돌아온 브람스
3,인비저블맨
3,헌터 헌터
3,인퍼머스
3,마르지엘라
3,더 친절한 랭킹 의사소통
3,M 사랑해야 할 사람이 있어서
3,조금 불편해도 괜찮아
3,더 게임: 0시를 향하여
3,중하만천심 : 풀하우스
3,시노스톤 프라임
3,나강연화나강우
3,중계지극해청뢰
3,아이 헤이트 수지
3,디포디제이 퍼스트 믹스
3,혼돈의 첩보원
3,편의점 샛별이
3,써치
3,삼겹살 랩소디
3,아재불요화니주붕우니
3,이세계 주점 노부
3,미무추종
3,아이 노우 디스 머치 이즈 트루
3,널시스
3,페리 메이슨
3,Tales from the Loop
3,우자키 양은 놀고 싶어!
3,바그다드 센트럴
3,바람피면 죽는다
3,문호와 알케미스트 - 심판의 톱니바퀴
3,곰 곰 곰 베어
3,주사기 - 주사꾼들 이야기
3,패왕
3,에리카: 푸른 불꽃
3,바다로 가자
3,1945 항일전쟁
3,엄마 바람피게하기
3,산티아고의 흰 지팡이
3,스와트: 타임 크라이시스
3,School Tales
3,늙은 부부이야기
3,집착
3,황무지 5월의 고해
3,추억의 검정고무신
3,기문술사
3,기억의 전쟁
3,리메인
3,투신
3,에듀케이션
3,나는 나대로 혼자서 간다
3,돌멩이
3,#위왓치유
3,히트맨
3,참 시티 킹스
3,위자 크래프트
3,진파
3,어떻게든 되는 나날
3,정글 비트: 더 무비
3,아모르파티: 인생은 즐거워
3,스페셜 포스 : 라스트 타겟
3,러브돌: 위험한 사랑
3,하우스: 혼자가 아니야
3,디비젼
3,그레타 툰베리
3,런 위드 더 헌티드
3,겟 아웃 얼라이브
3,재단사 니코스
3,"러브 어페어: 우리가 말하는 것, 우리가 생각하는 것"
3,크래프트: 레거시
3,데스 오브 미
3,Time Apart
3,우리가 이별 뒤에 알게 되는 것들
3,워 서바이버
3,리틀 뱀파이어
3,이 죽일 놈의 우정
3,김일성의 아이들
3,킬 모드
3,비바리움
3,원킬
3,남산의 부장들
3,캣츠토피아
3,Don't Speak
3,라이크 어 보스
3,콜드 브룩 미스터리
3,아파트 209
3,커피 오어 티
3,라스트 크리스마스
3,볼리션: 미래를 보는 자
3,볼리션: 미래를 보는 자
3,벡키
3,암모나이트
3,좋아요 히카루 겐지 군
3,유비
3,또한번 엔딩
3,더 먹고 가(家)
3,KING OF DANCE
3,천무기
3,안가: SELLING DREAM
3,장안소년행
3,휴머니멀
3,찬란한 내 인생
3,우치타마?! ~우리집 타마를 모르시나요?~
3,Somali and the Forest Spirit
3,하모니
3,소녀상방게와
3,용의 길 두 얼굴의 복수자
3,꼬리에 꼬리를 무는 그날 이야기
3,피터 그릴과 현자의 시간
3,천관사복
3,워싱턴
3,바람과 구름과 비
3,베티
3,거짓말의 거짓말
3,우국의 모리아티
3,35살의 소녀
3,무능한 나나
3,인플루언서
3,낮손님
3,수상한 동거
3,다리아: 마리오네트
3,래미의 드래곤월드 구출작전
3,알피니스트 - 어느 카메라맨의 고백
3,비행
3,일루셔니스트
3,"가불가이, 아희환니"
3,기도하는 남자
3,오 마이 지저스
3,초미의 관심사
3,도라에몽: 진구의 신공룡
3,유어 러브 송
3,백골 요괴전
3,탈옥풍운
3,좀비랜드 파이널
3,고블린 슬레이어 -고블린즈 크라운-
3,더 허니문
3,매직 스쿨: 초보마법사 아우라의 대모험
3,호텔 레이크
3,팔로우 미
3,사일런싱
3,풍마신룡 소걸아
3,기묘한 가족
3,메가 블리자드
3,해리 포터와 잉크 마법사의 여행
3,암살자들
3,배신자
3,블러드 머신
3,정직한 후보
3,호스트: 접속금지
3,극장판 페이트/그랜드 오더 - 신성원탁영역 카멜롯 - 완더링; 아가트람
3,클라운 돌
3,검객
3,헤어지기 전 우리가 해야 할 10가지
3,빌런
3,코코 : 죽은 자들의 세상
3,젠틀맨
3,유령선 : 죽은 자의 저주
3,나의 작은 동무
3,론 서바이버 : 아미 오브 원
3,데이비드 시크릿
3,러시안 레이드
3,배틀 크랙
3,"예스, 갓, 예스"
3,스페이스 독 3: 트로피컬 어드벤처
3,리듬 오브 리벤지
3,더 소나타
3,워 위드 그랜파
3,배낭메고 인생 네 컷
3,대성괴
3,지구검홍료
3,전문중적진천천
3,뽕숭아학당
3,공자 아취정니료
3,장상수
3,티디 생활습관동요
3,리인심상
3,#리모러브 ~ 보통의 사랑은 사도 ~
3,마에세츠!
3,기막힌 유산
3,세계의 불가사의
3,오다 시나몬 노부나가
3,하이에나
3,나쁜 아이들
3,유별나! 문셰프
3,아르테
3,불길한 바르하이트 -ZUERST-
3,더 킹：영원의 군주
3,애적리미
3,러브크래프트 컨트리
3,종극필기: 최후의 어드벤처
3,아이 메이 디스트로이 유
3,트랜스포머: 워 포 사이버트론: 포위 작전
3,리스너즈
3,타이거 우즈
3,우리들은 미쳤다
3,뮬란 2
3,비룡외전
3,디어 마이 지니어스
3,인베이젼 2022
3,괴물: 안개지옥
3,소셜노마드
3,개와 고양이를 위한 시간
3,앙상블
3,좋은 여자
3,오! 문희
3,오타쿠에게 사랑은 어려워
3,노라의 특별한 여름
3,적인걸: 심해용궁
3,리스타트는 지금부터
﻿4,탐험가: 더 깊은 곳으로
4,World's Biggest Hammerhead?
4,Camo Sharks
4,Step Into… The Movies with Derek and Julianne Hough
4,Shadow Cats
4,그림커티
4,닥터 스트레인지: 대혼돈의 멀티버스
4,웨딩 시즌
4,아이스 에이지: 스크랫 이야기
4,오비완 케노비
4,Brain Games: On The Road
4,Counting Jaws
4,어셈블: 메이킹 오브 문나이트
4,어셈블: 메이킹 오브 미즈 마블
4,Shark Queens
4,머신 건 켈리의 라이프 인 핑크
4,섹스 어필
4,아메리카 더 뷰티풀
4,뻔뻔한 천사들
4,3인칭 복수
4,로마의 잃어버린 보물들
4,변론을 시작하겠습니다
4,팸 & 토미
4,산타 에비타
4,미즈 마블: 팬들을 위한 가이드
4,Baby Sharks
4,The Kardashians - An ABC News Special
4,트레버: 더 뮤지컬
4,"로봇, 그 이상의 도전"
4,위대한 작은 농장: 돌아오다
4,클로틸다: 미국의 마지막 노예선
4,Two Men at War
4,black-ish: A Celebration – An ABC News Special
4,오비완 케노비: 제다이가 돌아오다
4,어셈블: 메이킹 오브 호크아이
4,토르: 러브 앤 썬더
4,어른이 되려면
4,80년대: 탑텐
4,소년탐정 김전일
4,미지의 땅
4,천원짜리 변호사
4,더 베어
4,납치보다 더 무서운 이야기: 스티븐 스테이너 사건 그 후
4,스케치북
4,인류에게 밥주는 남자
4,피노키오
4,무한의 우주 너머: 버즈 라이트이어 비하인드
4,범죄도시 2
4,The Wonderful Winter of Mickey Mouse
4,"내일, 나는 누군가의 여자친구"
4,캔디: 텍사스의 죽음
4,올드 맨
4,라이프 앤 베스
4,Single Drunk Female
4,금수저
4,그 치타가 사는 법
4,니 부모 얼굴이 보고 싶다
4,어셈블: 메이킹 오브 이터널스
4,Encanto Sing-Along
4,심슨 가족: 빌리가 리사를 만났을 때
4,라이즈
4,이터널스
4,프레이
4,피스톨
4,천국의 깃발 아래
4,더 존: 버텨야 산다
4,"Rise Up, Sing Out"
4,Mormon No More
4,"소프라노: 음악으로, 죽음으로"
4,그리드
4,"링크: 먹고, 사랑하라, 죽이게"
4,카다시안 패밀리
4,Maui Shark Mystery
4,북극곰 비하인드
4,판다를 안아줘!: 메이의 새빨간 비밀 비하인드
4,그루트의 첫 발자국
4,열두 명의 웬수들
4,그루트의 마스터피스
4,"Cinderella: The Reunion, A Special Edition of 20/20"
4,칩과 데일: 다람쥐 구조대
4,좀비스 3
4,The Wonderful Spring of Mickey Mouse
4,스타워즈: 제다이 이야기
4,Extreme Forest
4,형사록
4,빅마우스
4,주토피아+
4,마이크 타이슨
4,서머타임 렌더
4,아오아시
4,애프터 쇼크
4,The Wonderful Summer of Mickey Mouse
4,로잘린
4,웨어울프 바이 나이트
4,아이스 에이지: 벅의 대모험
4,웨스트 사이드 스토리
4,Let the World See
4,라이트 & 매직
4,베어 그릴스의 러닝 와일드
4,미즈 마블
4,이 남자를 주웠다
4,Keep This Between Us
4,흔적도 없이
4,진실과 거짓 : 마지막 갱스터
4,심슨 가족: 웰컴 투 더 클럽
4,할리우드 스타걸
4,BTS: PERMISSION TO DANCE 온 스테이지 – LA
4,버즈 라이트이어
4,Disney Gallery: Star Wars: The Book of Boba Fett
4,사운드트랙 #1
4,Family Reboot
4,스타워즈: 안도르
4,출구는 없다
4,익스플로러: 신의 정원에 오르다
4,Soul of a Nation Presents: Screen Queens Rising
4,파이어 아일랜드
4,버티 그레고리의 에픽 어드벤처
4,핑크 라이
4,변호사 쉬헐크
4,프라우드 패밀리: 라우더 앤 프라우더
4,Soul of a Nation Presents: X / o n e r a t e d – The Murder of Malcolm X and 55 Years to Justice
4,작고 소중한 분
4,스니커렐라
4,프린세스
4,레고 스타워즈: 여름 휴가
4,호커스 포커스 2
4,정의적산법
4,Have You Seen This Man
4,오클라호마 걸스카우트 살인사건
4,Colossal Machines
4,아다마스
4,비틀즈: 겟 백
4,너와 나의 경찰수업
4,북극곰
4,그루트의 수사
4,꿈은 브로드웨이로 간다
4,Marvel Studios Assembled: The Making of Thor: Love and Thunder
4,낫 오케이
4,크러쉬
4,나일 강의 죽음
4,우리 팀을 구해줘 with 데이비드 베컴
4,슈퍼/내추럴
4,마이 패밀리
4,Children of the Underground
4,키스 식스 센스
4,Harmonious Live!
4,Shark Side of the Moon
4,그루트의 샤워타임
4,프레시
4,우세킨
4,댄스 댄스 당쇠르
4,딥 엔드
4,드롭아웃
4,문나이트
4,베이맥스!
4,카 여행을 떠나요
4,올리비아 로드리고: 네가 있는 집으로
4,러시아의 야생 호랑이
4,발렛
4,Andor: A Disney+ Day Special Look
4,메이의 새빨간 비밀
4,주말에만 만나요
4,퀘스트: 에버렘을 수호하라
4,인더숲: 우정여행
4,Parallels
4,내가 그를 만났을 때
4,세상에서 가장 큰 황소 상어
4,나일강에 잠겨 있는 피라미드
4,언더 랩스
4,LEGO 스타워즈 무시무시한 이야기
4,라야와 마지막 드래곤
4,TOKYO MER - 달리는 긴급 구명실
4,완다비전
4,Monsters at Work
4,Insânia
4,고래의 비밀
4,Mickey's Tale of Two Witches
4,Let's Be Tigers
4,디센던츠: 로얄 웨딩
4,히트 멍키
4,Big Shot
4,호크아이
4,The Book of Boba Fett
4,괴물
4,픽사 팝콘
4,로키
4,My Music Story: Yoshiki
4,리멤버 알렉스
4,American Eid
4,The Last of the Chupacabras
4,보바 펫: 헬멧 속에 감춰진 유산
4,The Rescue
4,"소울, 영혼, 그리고 여름"
4,Cinderella
4,북극곰의 왕국
4,올라프가 전해요
4,Welcome to Earth
4,Just Beyond
4,Turner & Hooch
4,뉴 에어포스 원: 하늘 위의 요새
4,Thailand's Wild Cats
4,노나
4,머펫 헌티드 맨션
4,블랙핑크 더 무비
4,홈 스위트 홈 얼론
4,프렌치 디스패치
4,자라나는 동물들
4,That One Word - Feyenoord
4,Superstar
4,설강화
4,World's Most Dangerous Shark?
4,안녕 알베르토
4,상어에 미치다
4,심슨 가족의 해피 플러스 데이
4,더 나이트 하우스
4,타미 페이의 눈
4,이별 테라피
4,스타워즈: 배드 배치
4,Abbott Elementary
4,얽히고 엮인 그녀들
4,초능력 다람쥐 율리시스
4,윔피 키드
4,노매드랜드
4,샹치와 텐 링즈의 전설
4,블랙 위도우
4,스타워즈: 갤럭시 사운드
4,디즈니 애니메이션 스튜디오 제공 (Goofy in How to Stay at Home)
4,스타워즈: 비전스
4,돕식: 약물의 늪
4,어스 어게인
4,SparkShorts 비하인드
4,스타워즈 바이옴
4,아렌델 성의 벽난로
4,"캡틴, 쿠스토"
4,앤틀러스
4,정글 크루즈
4,더 프레미스
4,Hitler's American Battleground
4,더그의 일상
4,Killer Shark Vs. Killer Whale
4,울프강: 열정을 요리하다
4,Far From Raven's Home
4,전염병의 첫번째 파도
4,"스물, 한 살"
4,Happier Than Ever: LA로 보내는 러브레터
4,Eye Wonder
4,Attack on Pearl Harbor: Minute by Minute
4,칩 앤 데일: 파크 라이프
4,꼬꼬 수호대
4,The Great North
4,마블 스튜디오: 레전드
4,악당 상어
4,The Little Prince(ss)
4,범고래 vs 백상아리
4,저녁이 준비되었습니다
4,The Sinfluencer of Soho
4,Shark Beach With Chris Hemsworth
4,크루엘라
4,아메리칸 호러 스토리즈
4,천재소녀 두기
4,Spidey and His Amazing Friends
4,"매카트니 3,2,1"
4,Meet Spidey and His Amazing Friends - shorts
4,나무 저 너머엔
4,Stuntman
4,스핀
4,22 vs 지구
4,라스트 듀얼: 최후의 결투
4,판타스틱 푸드
4,베네딕트 비밀 클럽
4,America's Funniest Home Videos: Animal Edition
4,바비 본즈의 인물열전
4,Growing Fangs
4,파우치
4,나이트메어 앨리
4,"천사의 도시, 죽음의 도시"
4,아파트 이웃들이 수상해
4,딘은 12살
4,The Falcon and The Winter Soldier
4,모독
4,글로밍
4,Disney Princess Remixed: An Ultimate Princess Celebration
4,세상을 정복하다
4,Something's Coming: West Side Story
4,픽사 2021 디즈니+ 데이 스페셜
4,킹스맨: 퍼스트 에이전트
4,엔칸토: 마법의 세계
4,잃어버린 도시: 홍수
4,프리 가이
4,와일드 크라임
4,Star Wars Vehicle Flythroughs
4,비하인드 어트랙션
4,Secrets of Sulphur Springs
4,마이티 덕스: 게임 체인저
4,지구 중심까지의 레이스
4,The Real Queens of Hip Hop: The Women Who Changed the Game
4,마블 스튜디오 2021 디즈니+ 데이 스페셜
4,고장난 론
4,루카
4,지구를 느끼다
4,Man in the Arena: Tom Brady
4,우주 속으로
4,Y: 더 라스트 맨
4,로빈 로버츠: 세상을 토론하다
4,The Wild Life of Dr. Ole
4,"남자, 여자, 개"
4,What If...?
4,제인 구달의 희망
4,홀리데이 씽얼롱
4,인도의 야생 표범
4,조조 래빗
4,오직 하나뿐인 아이반
4,빅 핍: 누구의 거짓말?
4,마더랜드: 포트 세일럼
4,마리아나 반 젤러의 암시장 파헤치기
4,미세스 아메리카
4,From Our Family to Yours
4,Unsinkable: Japan's Lost Battleship
4,에베레스트 탐험대
4,Miraculous World : New York – United HeroeZ
4,정글 동물 구조대
4,소품과 영화
4,숨겨진 세상: 겨울왕국2 메이킹
4,헬스트롬
4,Solar Opposites
4,검은 수선화
4,The Hardy Boys
4,화성에서의 하루
4,The Undefeated Presents: Hamilton In-Depth
4,Born Wild: The Next Generation
4,명탐정 티미: 몽땅 실패 주식회사
4,Folklore: 롱 폰드 스튜디오 세션
4,클라우즈
4,Out
4,터미네이터: 다크 페이트
4,블랙 이즈 킹
4,도전! 디즈니 셰프
4,동물원의 비밀: 탬파
4,인사이드 픽사
4,Ultimate Supercar
4,매기 심슨의 “데스티니랑 노는 날”
4,Buried Truth of the Maya
4,세이프티
4,토끼굴
4,밥스 버거스 무비
4,소울
4,World's Deadliest Snakes
4,파드마 락쉬미의 맛기행
4,Calling All T.O.T.S.
4,푸른 눈의 표범
4,좀비스 2
4,Cosmos: Possible Worlds
4,별난 여행
4,"러브, 빅터"
4,"피니와 퍼브 무비: 캔디스, 우주에 맞서다"
4,코끼리의 발자취를 따라서
4,엘리펀트
4,인도의 와일드 캣
4,디즈니 갤러리 / 스타워즈: 만달로리안
4,엑스레이 지구
4,Extreme Rescues
4,Gathering Storm
4,9-1-1: 론 스타
4,고대 천문학의 비밀을 간직한 태양
4,루프
4,올라프의 탄생
4,"타이타닉 호, 새로운 발견"
4,업사이드 다운 매직
4,마술 아카데미
4,피라미드의 사라진 무덤
4,뮬란
4,빌 파머와 함께하는 강아지의 삶
4,미키마우스의 멋진 대모험
4,하늘에서 본 인도
4,크리터 픽서 동물병원
4,마블 배틀월드: 타노스톤의 미스터리
4,Dave
4,와일드 포르투갈
4,에베레스트의 미스터리
4,Hamilton: History Has Its Eyes On You
4,돌고래와 헤엄치기
4,지하세계의 신비
4,진정한 필사의 도전
4,블랙 뷰티
4,하이스쿨 뮤지컬: 뮤지컬: 크리스마스 특집
4,Doc McStuffins: The Doc Is In
4,지구에서 네드에게
4,Diary of a Future President
4,부부의 세계
4,제니메이션
4,Breeders
4,여왕으로 산다는 것
4,해밀턴
4,뉴 뮤턴트
4,피글렛 빅 무비
4,Dolphin Reef
4,머펫 나우
4,필사의 도전
4,마블 616
4,빅 스카이
4,티쳐
4,디즈니 애니멀 킹덤의 행복한 동물 세상
4,Women of Impact: Changing the World
4,코코 기념 콘서트
4,스타걸
4,콜 오브 와일드
4,둘째들의 왕실 비밀 결사대
4,스타워즈: 라이즈 오브 스카이워커
4,우아한 친구들
4,침팬지 이야기
4,디즈니 인사이더
4,디즈니 애니메이션 스튜디오 단편 모음
4,빈 라덴의 하드 드라이브
4,레고 스타워즈 홀리데이 스페셜
4,온워드: 단 하루의 기적
4,샵 클래스: 어린 공학자
4,모범형사
4,Aul Hauseu
4,토슈즈
4,왕실탐정 미라
4,The Last Ice
4,램프 라이프
4,도리의 산호초 마을
4,상어 공격 조사 페이지 윈터 이야기
4,잉카의 잃어버린 사원
4,비 워터
4,하워드
4,나의 수호요정 이야기
4,아르테미스 파울
4,Sharks of the Bermuda Triangle
4,비커밍: 꿈으로 가는 길
4,Wild Central America
4,스매시 앤 그랩
4,Wind
4,The Nightcrawlers
4,마추픽추의 잃어버린 도시
4,아멜리아 에어하트를 찾아서
4,아폴로: 미션 투 더 문
4,왕이 될 아이
4,Mickey Mouse: Hot Diggity Dog Tales
4,베어 그릴스의 혹독한 야생
4,핫 존
4,찬란한 마야문명의 잃어버린 보물들
4,토고
4,더 로스트 툼 오브 알렉산더 더 그레이트
4,글래스
4,겨울왕국 2
4,미키마우스 뒤죽박죽 모험
4,"최강의 포식자, 백상아리"
4,덤보
4,라이온 킹
4,제프 골드블럼의 호기심 세계
4,도전! 안내견
4,검사내전
4,"성경, 숨겨진 이야기들"
4,아름다운 세상
4,디센던츠 3
4,스파이더맨: 파 프롬 홈
4,Out There with Jack Randall
4,더 만달로리안
4,검색어를 입력하세요 WWW
4,Forky Asks A Question: What Is A Pet?
4,마블 라이징: 아이언하트
4,Forky Asks A Question: What Is Money?
4,레디 오어 낫
4,Baking with Francisco Moreira
4,디즈니의 평범한 하루 (쇼츠)
4,이매지니어링 스토리
4,마블 히어로 프로젝트
4,돌 페이스
4,알버트 린의 잃어버린 도시들
4,101 달마시안 스트리트
4,바이킹 여전사
4,Forky Asks A Question: What Is Time?
4,레이디와 트램프
4,스파이 지니어스
4,토이 스토리 4
4,엑스맨: 다크 피닉스
4,하이 스쿨 뮤지컬: 뮤지컬: 시리즈
4,멜로가 체질
4,WATCHER (왓쳐)
4,The Rocketeer
4,굿 트러블
4,하늘에서 본 유럽
4,Agileul Butaghae! Tocheu
4,노엘
4,애드 아스트라
4,앙코르! 다시 무대로
4,Ready for Preschool
4,High School Musical: The Musical: The Series: The Special
4,Okavango: River of Dreams
4,마블 스튜디오 유니버스의 확장
4,말레피센트 2
4,펭귄
4,캡틴 마블
4,Equator's Wild Secrets
4,플로트
4,Purl
4,Wild Ways of the Vikings
4,레이싱 인 더 레인
4,"리얼 라이프, 픽사"
4,불가능은 없개
4,와일드 북유럽
4,역사의 보물창고: 왕가의 계곡
4,갓파더 오브 할렘
4,One Day at Disney
4,재미있는 디즈니 공작교실
4,Gabby Duran and the Unsittables
4,우탱 클랜: 아메리칸 사가
4,고든 램지: 언차티드
4,킴 파서블
4,스투버
4,톨킨
4,알리타: 배틀 엔젤
4,어벤져스: 엔드게임
4,아마겟돈
4,눈이 부시게
4,조선혼담공작소 꽃파당
4,Witness to Disaster
4,Disney Junior Music Lullabies
4,"신비한 개구리 나라, 앰피비아"
4,호크아이에 대한 검토
4,Mission to the Sun
4,킷불
4,포드 V 페라리
4,알라딘
4,High School Musical: The Musical: The Series: The Sing-Along
4,늑대의 제국
4,뱀파이어에 관한 아주 특별한 다큐멘터리
4,Prairie Dog Manor
4,어둠의 그림자: 디센던츠 이야기
4,생존 경쟁! 퓨마 vs 인간
4,바오
4,좀비스
4,메이즈 러너: 데스 큐어
4,멋쟁이 낸시 클랜시
4,Paris to Pittsburgh
4,더 페이버릿: 여왕의 여자
4,호두까기 인형과 4개의 왕국
4,더 프레데터
4,The '80s Greatest
4,마얀스 M.C.
4,와일드 멕시코
4,마스: 인사이드 스페이스X
4,팀 대럴
4,어벤져스: 인피니티 워
4,오카방고 속으로
4,Nazi Megastructures: Russia's War
4,스테이션 19
4,데드풀 2
4,보헤미안 랩소디
4,"러브, 사이먼"
4,Alaska's Deadliest
4,그로운-이시
4,해로우
4,Big Sharks Rule
4,개들의 섬
4,시간의 주름
4,레고 스타워즈 올스타즈
4,프리 솔로: 끝없는 도전
4,블랙 팬서
4,앤트맨과 와스프
4,Secrets of the Space Shuttle
4,스타워즈 저항군
4,내 아이디는 강남미인
4,"히틀러, 심판의 날"
4,700마리의 상어들
4,터미널
4,베놈
4,메리 포핀스 리턴즈
4,9-1-1
4,쿱&캐미TV
4,더 치
4,Jaguar Beach Battle
4,세이렌
4,주먹왕 랄프 2: 인터넷 속으로
4,한 솔로: 스타워즈 스토리
4,미스티
4,SKY 캐슬
4,동물원의 비밀
4,빅 시티 그린
4,뷰티 인사이드
4,곰돌이 푸 다시 만나 행복해
4,기묘한 금요일
4,배드 타임즈: 엘 로얄에서 생긴 일
4,인크레더블 2
4,"히틀러, 악의 탄생"
4,머펫 프렌즈
4,에드나 이모
4,레드 스패로
4,Impuros
4,3인의 기사
4,바다가 삼킨 비밀들
4,블루이
4,더 레지던트
4,포즈
4,스파이더맨: 뉴 유니버스
4,클록 &  대거
4,"지구, 경이로운 행성"
4,페르디난드
4,올라프의 겨울왕국 어드벤처
4,리전
4,24: 레거시
4,Africa's Hunters
4,스파이더맨
4,드레인 알카트래즈
4,로건
4,Dian Fossey: Secrets in the Mist
4,Marvel 퍼니셔
4,인휴먼즈
4,맨 어몽 치타스
4,Tribe vs Pride
4,스파이더맨: 홈커밍
4,카 3: 새로운 도전
4,Star Wars: Forces of Destiny
4,와일드 아르헨티나
4,무서운 이야기 미키마우스 할로윈 파이 이야기
4,스내치드
4,뉴시즈
4,스타워즈: 라스트 제다이
4,Tangled: Short Cuts
4,Disney's Fairy Tale Weddings
4,오리진스: 인류의 기원
4,백만 년 후 인류의 미래
4,이번 생은 처음이라
4,팀 토르: 파트 2
4,우리 사이의 거대한 산
4,Disney Junior Music Nursery Rhymes
4,킹스맨: 골든 서클
4,셰이프 오브 워터: 사랑의 모양
4,코코
4,슬기로운 감빵생활
4,고래 가족의 성장기
4,IS: 그들이 지배한 세상
4,다이애나: 그녀 자신의 목소리
4,윔피 키드: 가족 여행의 법칙
4,캐리비안의 해적: 죽은 자는 말이 없다
4,미녀와 야수
4,비밀의 숲
4,Avengers: Secret Wars (Shorts)
4,마블 아이언 피스트
4,마블 퓨처 어벤져스
4,디센던츠 2
4,Earth Live
4,레이븐의 집
4,롱 로드 홈
4,리나는 뱀파이어
4,런어웨이즈
4,혹성탈출: 종의 전쟁
4,대륙의 판다 야야
4,위대한 쇼맨
4,호주의 치명적인 괴물들
4,지니어스
4,스노우폴
4,마블 디펜더스
4,라푼젤 시리즈
4,Moana Sing-Along
4,타이타닉: 그 후 20년
4,라푼젤: 끝나지 않은 이야기
4,오리엔트 특급 살인
4,오빌
4,마블 슈퍼 히어로 어드벤처
4,"사라진 대륙, 아틀란티스"
4,토르: 라그나로크
4,빅 히어로 6 시리즈
4,도날드 덕 가족의 모험
4,Mickey and the Roadster Racers
4,퍼피독 친구들
4,루
4,가디언즈 오브 갤럭시 VOL. 2
4,힘쎈여자 도봉순
4,굿 닥터
4,Wild Chile: Un viaje salvaje
4,"침팬지의 어머니, 제인 구달"
4,에이리언: 커버넌트
4,더 큐어
4,Marvel's Rocket & Groot
4,도리를 찾아서
4,The Lodge
4,중간 딸은 힘들어
4,그 규칙은 당신에게 적용되지 않아요
4,정글북
4,캡틴 아메리카: 시빌 워
4,India's Lost Worlds
4,동물 응급 구조대
4,믿어주세요 진짜예요!
4,오늘도 몰래카메라
4,LEGO Star Wars: The Freemaker Adventures
4,Egypt's Treasure Guardians
4,인디펜던스 데이: 리써전스
4,닥터 스트레인지
4,핵꿀잼 비짤봙
4,Supercar Megabuild
4,아발로 왕국의 엘레나
4,파이퍼
4,아이스 에이지: 지구 대충돌
4,레버넌트: 죽음에서 돌아온 자
4,시그널
4,"인류의 새로운 시작, 마스"
4,실험실의 비밀친구: 슈퍼히어로
4,메크-X4
4,드레인 더 타이타닉
4,Return From the Dead
4,비포 더 플러드
4,피터와 드래곤
4,독수리 에디
4,LEGO Star Wars : The Resistance Rises
4,Milo Murphy's Law
4,크리미널 마인드: 국제범죄수사팀
4,디스 이즈 어스
4,Primal Survivor
4,라이온 수호대
4,Marvel Funko Shorts
4,팀 토르
4,Drain The Ocean: WWII
4,치즈인더트랩
4,진시황의 잃어버린 무덤
4,화성 탐사 로봇 생존기
4,개의 진화: 지금의 모습을 갖기까지
4,마이 리틀 자이언트
4,마블 루크 케이지
4,어쌔신 크리드
4,아이스 에이지: 알 찾기 대소동
4,아메리칸 크라임 스토리
4,모건 프리먼의 스토리 오브 갓
4,디어 마이 프렌즈
4,미스 페레그린과 이상한 아이들의 집
4,체스의 여왕
4,데드풀
4,주토피아
4,또 오해영
4,38 사기동대
4,애틀란타
4,히든 피겨스
4,거울나라의 앨리스
4,엑스맨: 아포칼립스
4,파이니스트 아워
4,로그 원: 스타워즈 스토리
4,환상의 짝꿍
4,Genius by Stephen Hawking
4,Shanghai Disney Resort Grand Opening Gala
4,모아나
4,라일리의 첫번째 데이트?
4,페이퍼 타운
4,테이큰 3
4,스트레인지 매직
4,히트맨: 에이전트 47
4,마블 데어데블
4,굿 다이노
4,The Muppets
4,와일드 옐로스톤
4,투모로우 나라의 마일스
4,겨울왕국 열기
4,앤트맨
4,신데렐라
4,Goldie & Bear
4,프레쉬 오프 더 보트
4,디센던츠: 악동들의 세상
4,마블 가디언즈 오브 갤럭시
4,스크림 퀸즈
4,LEGO Star Wars: Droid Tales
4,Ice Road Rescue
4,콴티코
4,KC 언더커버 하이스쿨 스파이
4,스누피: 더 피너츠 무비
4,키키와카 캠프
4,빅쇼트
4,마션
4,엑스맨: 데이즈 오브 퓨처 패스트
4,출동! 파자마 삼총사
4,2000's Greatest Tragedies
4,몽키 킹덤
4,판타스틱 4
4,오 나의 귀신님
4,마블 제시카 존스
4,헤어스타일 최악의 날
4,Big Cat Games
4,알로하
4,트루 스토리
4,어벤져스: 에이지 오브 울트론
4,베스트 엑조틱 메리골드 호텔 2
4,에이전트 카터
4,언니는 투명인간
4,빅터 프랑켄슈타인
4,언제나 베프
4,조이
4,China From Above
4,Earthquake On Everest
4,맥팔랜드 USA
4,디센던츠
4,스타워즈: 깨어난 포스
4,스파이
4,아는 형님
4,프린세스 스타의 모험일기
4,킹스맨: 시크릿 에이전트
4,메이즈 러너: 스코치 트라이얼
4,인사이드 아웃
4,투모로우랜드
4,틴 비치 무비 2
4,앨빈과 슈퍼밴드: 악동 어드벤처
4,LEGO Star Wars: The New Yoda Chronicles - Raid on Coruscant
4,그랜드 부다페스트 호텔
4,머펫 대소동 2
4,말레피센트
4,아더 우먼
4,나쁜 녀석들
4,팅커벨 6: 네버비스트의 전설
4,숲속으로
4,Drain the Bermuda Triangle
4,조이의 비밀앱
4,수의사 오클리: 유콘의 수호자
4,라일리의 세상
4,와일드 하와이
4,LEGO Star Wars: The New Yoda Chronicles - Race For The Holocrons
4,Phineas and Ferb: Star Wars
4,버드맨
4,모뉴먼츠 맨: 세기의 작전
4,베어스
4,캡틴 아메리카: 윈터 솔져
4,아이언맨 & 캡틴아메리카 히어로즈 유나이티드
4,"괜찮아, 사랑이야"
4,베어 그릴스의 러닝 와일드
4,파티 센트럴
4,래디에이터 스프링스 500½
4,The Next Mega Tsunami
4,클라우드 9
4,박물관이 살아있다: 비밀의 무덤
4,와일드 콩고
4,Live Free or Die
4,Planet XXL
4,Frozen Sing-Along Edition
4,밀리언 달러 암
4,팅커벨 5: 해적요정
4,LEGO Start Wars: The New Yoda Chronicles: Duel of the Skywalkers
4,유인원의 제국: 최후의 승자
4,LEGO Star Wars: The New Yoda Chronicles - Escape from the Jedi Temple
4,메이즈 러너
4,마놀로와 마법의 책
4,토이 스토리: 공룡 전사들의 도시
4,마블의 75년: 대중문화의 히어로가 되다!
4,사이언스 오브 스투피드
4,내가 안 했다니까!
4,인간과 사자의 대결
4,어메이징 스파이더맨 2
4,스트레인
4,스타워즈 반란군
4,마블 원-샷: 왕을 경배하라
4,노아
4,난 지구 반대편 나라로 가버릴테야
4,리오 2
4,가디언즈 오브 갤럭시
4,빅 히어로
4,나를 찾아줘
4,혹성탈출: 반격의 서막
4,"안녕, 헤이즐"
4,포식동물의 실패
4,라바
4,LEGO Star Wars: The New Yoda Chronicles - Clash of the Skywalkers
4,Wild Japan: Snow Monkeys
4,피스트
4,마블: 슈퍼히어로 군단의 비밀
4,비행기 2: 소방구조대
4,블랙키시
4,월터의 상상은 현실이 된다
4,헐크와 스매쉬 군단
4,Sheriff Callie's Wild West
4,Hiccups
4,마블 원-샷: 카터 요원
4,더 포스터스
4,아이언맨 3
4,더 이스트
4,틴 비치 무비
4,Car S.O.S.
4,아메리칸즈
4,수퍼 버디즈
4,다이노소어 어드벤처 3D
4,겨울왕국
4,원스 어폰 어 타임 인 원더랜드
4,미키 마우스
4,에이전트 오브 쉴드
4,아이언맨 & 헐크
4,론 레인저
4,인턴쉽
4,카운슬러
4,비행기
4,샤크 어택
4,나인: 아홉 번의 시간여행
4,파란 우산
4,토이 스토리: 공포의 대탈출
4,오즈: 그레이트 앤드 파워풀
4,위자드 리턴: 알렉스 vs 알렉스
4,더 히트
4,슬리피 할로우
4,스토커
4,딜리버리 맨
4,세이빙 MR.뱅크스
4,퍼시 잭슨과 괴물의 바다
4,응급 구조: 슈퍼 히어로를 구하라
4,말을 잡아라!
4,리브 & 매디
4,어벤져스 어셈블
4,Spinning
4,더 울버린
4,다이 하드: 굿 데이 투 다이
4,몬스터 대학교
4,은밀한 하녀들
4,헨리 허글 몬스터
4,에픽: 숲속의 전설
4,트랜스
4,토르: 다크 월드
4,히틀러의 메가프로젝트
4,최고의 두바이 공항
4,리틀 프린세스 소피아
4,매기 심슨의 “어린이집 첫날”
4,모르두의 전설
4,프랑켄위니
4,꼬마의사 맥스터핀스
4,주먹왕 랄프
4,스탠의 블로그 일기
4,마블 원-샷: ITEM 47
4,디스 민즈 워
4,메이터의 시간여행
4,Martine
4,라이프 오브 파이
4,라푼젤 그 후 이야기
4,베스트 엑조틱 메리골드 호텔
4,어메이징 스파이더맨
4,프로메테우스
4,마블 얼티밋 스파이더맨
4,실험실의 비밀친구
4,티모시 그린의 이상한 삶
4,메리다와 마법의 숲
4,스캔들
4,히치콕
4,링컨: 뱀파이어 헌터
4,비올레타
4,괴짜가족 괴담일기
4,왓치
4,샤페이의 멋진 모험
4,아이스 에이지 4: 대륙 이동설
4,블랙 록 슈터
4,밀수꾼을 잡아라
4,트레져 버디즈
4,존 카터: 바숨 전쟁의 서막
4,Randy Cunningham: 9th Grade Ninja
4,퍼셉션
4,나 홀로 집에: 크리스마스 소동
4,레드 테일스
4,팅커벨 4: 날개의 비밀
4,침팬지
4,산타 포스 2 : 산타 펍스
4,UFO Missione Europa
4,King Of Coke: Living The High Life
4,파티공룡 렉스
4,페이퍼맨
4,윔피 키드 3
4,크로니클
4,테이큰 2
4,루비 스팍스
4,라 루나
4,세션: 이 남자가 사랑하는 법
4,로라 버서스
4,비버리힐즈 치와와 3
4,어벤져스
4,"굿 럭 찰리, 잇츠 크리스마스!"
4,스푸키 버디즈
4,헬프
4,워터 포 엘리펀트
4,오스틴 & 앨리
4,Minnie's Bow-Toons
4,우리는 동물원을 샀다
4,피니와 퍼브 무비: 2차원을 넘어서
4,비버리힐즈 치와와 2
4,아메리칸 호러 스토리
4,뉴 걸
4,윔피 키드 2
4,몬테 카를로
4,카 2
4,캐리비안의 해적: 낯선 조류
4,밥스 버거스
4,원스 어폰 어 타임
4,바디 오브 프루프
4,작은 버즈라이트 이어
4,어나더 어스
4,토이 스토리: 하와이 여행
4,아프리칸 캣츠
4,프라이트 나이트
4,리오
4,A.N.T. 영재 클럽
4,엑스맨: 퍼스트 클래스
4,닥터 폴의 동물병원
4,127시간
4,곰돌이 푸
4,So Random!
4,약골 탈피 하이킥
4,마블 원-샷: 토르의 망치를 가지러 가던 길의 기묘한 사건
4,당신은 몇번째인가요?
4,혹성탈출: 진화의 시작
4,인 타임
4,제이크와 네버랜드 해적들
4,브레인 게임
4,마블 원-샷: 컨설턴트
4,화성은 엄마가 필요해
4,퍼스트 어벤져
4,리벤지
4,홈랜드
4,토르: 천둥의 신
4,크리미널 마인드: 워싱턴 D.C.
4,제시
4,글리: 콘서트 무비
4,에어 메이터
4,파퍼씨네 펭귄들
4,테라 노바
4,네시의 발라드
4,아이스 에이지: 매머드 크리스마스
4,노미오와 줄리엣
4,다크 아워
4,Africa's Deadliest
4,디센던트
4,머펫 대소동
4,"빅 마마 하우스: 라이크 파더, 라이크 선"
4,앨빈과 슈퍼밴드 3
4,로마에서 생긴 일
4,Moon Mater
4,어항 속의 하이틴
4,Monster Truck Mater
4,퍼시 잭슨과 번개도둑
4,네버 렛 미 고
4,트론: 새로운 시작
4,워킹 데드
4,나잇 & 데이
4,나니아 연대기: 새벽 출정호의 항해
4,라푼젤
4,찰리야 부탁해
4,위대한 여정
4,낮과 밤
4,저스트 라이트
4,프레데터스
4,블랙스완
4,언스토퍼블
4,Heavy Metal Mater
4,A-특공대
4,팅커벨 3: 위대한 요정 구조대
4,글레이즈
4,Secrets of the King Cobra
4,라스트 송
4,이상한 나라의 앨리스
4,우리는 댄스소녀
4,카 툰 메이터의 놀라운 이야기
4,라모나 & 비저스
4,아발론 하이
4,페르시아의 왕자: 시간의 모래
4,Mater Private Eye
4,마법사의 제자
4,토이 스토리 3
4,캠프 락 2: 마지막 콘서트
4,스타스트럭
4,월 스트리트 : 머니 네버 슬립스
4,세크리테리엇
4,산타 포스를 찾는 모험
4,아이언맨 2
4,유 어게인
4,어벤저스: 지구 최강의 영웅들
4,윔피 키드
4,브로큰 데이트
4,러브 & 드럭스
4,Take Two with Phineas and Ferb
4,크리스마스 캐롤
4,드래곤볼 에볼루션
4,공주와 개구리
4,라이 투 미
4,글리
4,아멜리에 : 하늘을 사랑한 여인
4,앨빈과 슈퍼밴드 2
4,슈퍼 히어로 스쿼드
4,조지 & A.J.
4,우리 가족 마법사: 극장판
4,유쾌한 써니
4,쿠거 타운
4,신부들의 전쟁
4,박물관이 살아있다 2
4,프로포즈
4,아이 러브 베스 쿠퍼
4,업
4,써로게이트
4,산타 버디즈
4,JONAS L.A.
4,화이트 칼라
4,구름 조금
4,엑스맨 탄생: 울버린
4,미스 마치
4,죽여줘! 제니퍼
4,윗치 마운틴
4,쇼퍼홀릭
4,500일의 썸머
4,아이스 에이지 3: 공룡시대
4,12 라운드
4,Unidentified Flying Mater
4,판타스틱 Mr. 폭스
4,G-포스: 기니피그 특공대
4,올드 독스
4,올 어바웃 스티브
4,한나 몬타나: 더 무비
4,닥터 두리틀: 밀리언 달러 개
4,흰긴수염고래의 왕국
4,더그의 특별 임무
4,팅커벨 2: 팅커벨과 잃어버린 보물
4,캐슬
4,모던 패밀리
4,27번의 결혼리허설
4,스타워즈: 클론전쟁
4,해프닝
4,인어공주 3
4,붉은 날개 : 플라밍고의 비밀
4,한나 몬타나와 마일리 사이러스: 두 세계의 최고 콘서트
4,와일드 러시아
4,컬리지 로드 트립
4,캠프 락
4,미트 데이브
4,말리와 나
4,맥스 페인
4,Rescue Squad Mater
4,아이언맨
4,스타워즈: 클론전쟁
4,셔터 인 도쿄
4,지구가 멈추는 날
4,오스트레일리아
4,스트리트 킹
4,미러
4,미트 더 스파르탄
4,"잭과 코디, 우리 학교는 호화유람선"
4,점퍼
4,프레스토
4,비버리힐즈 치와와
4,스노우 버디즈
4,월-E
4,The Little Mermaid Sing-Along
4,썬즈 오브 아나키
4,나니아 연대기: 캐스피언 왕자
4,라스베가스에서만 생길 수 있는 일
4,베드타임 스토리
4,볼트
4,Mater the Greater
4,하이 스쿨 뮤지컬: 졸업반
4,엑스 파일:  나는 믿고 싶다
4,에비타
4,"세계 7대 불가사의, 스톤헨지의 비밀"
4,Tokyo Mater
4,팅커벨
4,심슨 가족: 더 무비
4,신데렐라 3
4,판타스틱 4 - 실버 서퍼의 위협
4,피니와 퍼브
4,The Sandlot: Heading Home
4,내셔널 트레져: 비밀의 책
4,에이리언 vs. 프레데터 2
4,게임 플랜
4,라따뚜이
4,데미지
4,에픽 무비
4,하이 스쿨 뮤지컬 2
4,Banged Up Abroad
4,여러분의 친구 생쥐
4,앨빈과 슈퍼밴드
4,스캔들 노트
4,캐리비안의 해적: 세상의 끝에서
4,다즐링 주식회사
4,픽사 스토리
4,라스트 킹
4,프라이빗 프랙티스
4,마법에 걸린 사랑
4,로빈슨 가족
4,우리 가족 마법사
4,선샤인
4,패스파인더
4,내 친구 티거와 푸
4,Boris
4,28주 후
4,히트맨
4,다이 하드 4.0
4,에라곤
4,Handy Manny
4,리프티드
4,미스 리틀 선샤인
4,메이터와 도깨비불
4,와일드
4,어느 멋진 순간
4,천년을 흐르는 사랑
4,마린
4,The Emperor's New School
4,닥터 두리틀 3
4,엑스맨: 최후의 전쟁
4,산타 클로스 3
4,아쿠아마린
4,내 생애 가장 징글징글한 크리스마스
4,오멘
4,겁나는 여친의 완벽한 비밀
4,가디언
4,존 터커를 죽여라
4,내 사랑 플리카
4,악마는 프라다를 입는다
4,미키마우스 클럽하우스
4,리로이 & 스티치
4,토드와 코퍼 2
4,브라더스 앤 시스터스
4,이디오크러시
4,인빈서블
4,밤비 2
4,센티넬
4,하이 스쿨 뮤지컬
4,빅 마마 하우스: 근무중 이상무
4,행운을 돌려줘!
4,데자뷰
4,아이스 에이지 2
4,브라더 베어 2
4,보랏 - 카자흐스탄 킹카의 미국 문화 빨아들이기
4,에이트 빌로우
4,카
4,캐리비안의 해적: 망자의 함
4,가필드 2
4,글로리 로드
4,박물관이 살아있다!
4,어글리 베티
4,한나 몬타나
4,트랜스포터 엑스트림
4,패시파이어
4,스타워즈 에피소드 3: 시스의 복수
4,"잭과 코디, 우리집은 호텔 스위트룸"
4,킹덤 오브 헤븐
4,잭잭의 공격
4,치킨 리틀
4,원 맨 밴드
4,크리미널 마인드
4,신데렐라 맨
4,The Proud Family Movie
4,The Sandlot 2
4,곰돌이 푸: 히파럼프 무비
4,스테이
4,It's Always Sunny in Philadelphia
4,허비: 첫 시동을 걸다
4,열두 명의 웬수들 2
4,아이스 프린세스
4,스카이 하이
4,다섯 번째 계절
4,본즈
4,번•E
4,판타스틱 4
4,게스 후?
4,엘렉트라
4,미스터 & 미세스 스미스
4,킴 파서블 : 소 더 드라마
4,그레이 아나토미
4,Little Einsteins
4,앙코르
4,"우리, 사랑해도 되나요?"
4,타잔 2
4,플라이트플랜
4,로봇
4,프리즌 브레이크
4,"나니아 연대기: 사자, 마녀 그리고 옷장"
4,내가 그녀를 만났을 때
4,날 미치게하는 남자
4,릴로 & 스티치 2
4,쿠스코? 쿠스코! 2
4,내 생애 최고의 경기
4,당신이 그녀라면
4,아메리칸 대드!
4,천사의 아이들
4,"아이, 로봇"
4,빌리지
4,내겐 너무 아찔한 그녀
4,라이온 킹 3
4,가필드
4,보스턴 리걸
4,위기의 주부들
4,미키의 크리스마스 선물
4,택시 : 더 맥시멈
4,미라클
4,뮬란 2
4,맨 온 파이어
4,곰돌이 푸: 루의 새 봄 대축제
4,에이리언 vs. 프레데터
4,프린세스 다이어리 2
4,피구의 제왕
4,히글리타운의 영웅들
4,히달고
4,카우 삼총사
4,인크레더블
4,투모로우
4,드라마 퀸
4,디즈니 삼총사
4,스티브 지소와의 해저 생활
4,내셔널 트레져
4,사이드웨이
4,킹 아더
4,로스트
4,런어웨이
4,캐리비안의 해적: 블랙펄의 저주
4,헌티드 맨션
4,엑스맨  2
4,젠틀맨 리그
4,정글북 2
4,점프
4,스티치 무비
4,데스티노
4,형사 가제트 2
4,니모를 찾아서
4,브라더 베어
4,사랑의 캔버스
4,아틀란티스 2 : 마일로의 귀환
4,스텔리온
4,항공 사고 수사대
4,폰 부스
4,조지 오브 정글 2
4,브루스 올마이티
4,열두 명의 웬수들
4,앤트원 피셔
4,데어데블
4,Recess: Taking the Fifth Grade
4,다운 위드 러브
4,우리 방금 결혼했어요
4,리지 맥과이어
4,프리키 프라이데이
4,릴로 & 스티치
4,스타워즈: 클론전쟁
4,릴로 & 스티치
4,스토커
4,산타 클로스 2
4,언페이스풀
4,스타워즈 에피소드 2: 클론의 습격
4,타잔과 제인
4,트랜스포터
4,피터 팬 2: 리턴 투 네버랜드
4,루키
4,브라운 슈가
4,드럼라인
4,로얄 테넌바움
4,핫 칙
4,마이크의 새 차
4,로드 투 퍼디션
4,스노우 독스
4,스위트 알라바마
4,"곰돌이 푸: 즐거운 크리스마스, 신나는 새해"
4,신데렐라 2
4,101마리 강아지 2 패치의 런던 대모험
4,하이 크라임
4,아이스 에이지
4,노틀담의 꼽추 2
4,싸인
4,Kim Possible
4,나 홀로 집에 4
4,솔라리스
4,라이크 마이크
4,보물성
4,터크 에버래스팅
4,프롬 헬
4,에너미 라인스
4,물랑 루즈
4,24
4,리지 맥과이어
4,앨리어스
4,몬스터 주식회사
4,닥터 두리틀 2
4,못 말리는 프라우드 가족
4,캔디 케인
4,아틀란티스: 잃어버린 제국
4,진주만
4,스크럽스
4,레이디와 트램프 2
4,프린세스 다이어리
4,The Book of Pooh
4,혹성탈출
4,내겐 너무 가벼운 그녀
4,돈 세이 워드
4,맨 오브 오너
4,코요테 어글리
4,인어공주 2
4,구피 무비 - X게임 대소동
4,타이거랜드
4,키드
4,새들의 이야기
4,102 달마시안
4,쿠스코? 쿠스코!
4,사랑도 리콜이 되나요
4,곰돌이 푸 - 티거 무비
4,비치
4,퀼스
4,선셋 스트립
4,식스티 세컨즈
4,언브레이커블
4,다이너소어
4,일곱가지 유혹
4,이븐 스티븐스
4,빅 마마 하우스
4,리멤버 타이탄
4,엑스맨
4,환타지아 2000
4,미 마이셀프 앤드 아이린
4,소년은 울지 않는다
4,곰돌이 푸: 우리들의 발렌타인 데이
4,25살의 키스
4,타잔
4,여기보다 어딘가에
4,한여름 밤의 꿈
4,씬 레드 라인
4,파이트 클럽
4,토이 스토리 2
4,듀스 비갈로
4,뛰는 백수 나는 건달
4,엔젤
4,식스 센스
4,The 1900 House
4,테크노 스와핑
4,내가 널 사랑할 수 없는 10가지 이유
4,씨크릿
4,형사 가제트
4,쇼킹 패밀리
4,미키의 크리스마스
4,런어웨이 브라이드
4,13번째 전사
4,엔드 오브 데이즈
4,스타워즈 에피소드 1: 보이지 않는 위험
4,스파이더맨 언리미티드
4,엔트랩먼트
4,퓨쳐라마
4,애나 앤드 킹
4,닥터 두리틀
4,뉴튼 보이즈
4,내가 사랑한 사람
4,미녀와 야수 : 벨의 마법의 세상
4,아마겟돈
4,식스 데이 세븐 나잇
4,사랑이 다시 올 때
4,호스 위스퍼러
4,페어런트 트랩
4,메리에겐 뭔가 특별한 것이 있다
4,마이티 조 영
4,워터보이
4,와일드 아일랜드
4,벅스 라이프
4,Silver Surfer
4,위대한 유산
4,에너미 오브 스테이트
4,뮬란
4,라이온 킹 2
4,홈 포 크리스마스
4,비상계엄
4,엑스 파일: 미래와의 전쟁
4,네고시에이터
4,포카혼타스 2
4,에버 애프터
4,L.A. 컨피덴셜
4,플러버
4,콘 에어
4,게리의 게임
4,아빠가 줄었어요
4,나 홀로 집에 3
4,헤라클레스
4,조지 오브 정글
4,곰돌이 푸: 크리스토퍼 로빈을 찾아서
4,스피드 2
4,에어 포스 원
4,미녀와 야수 : 마법의 크리스마스
4,아나스타샤
4,낫싱 투 루즈
4,스타쉽 트루퍼스
4,미스터 마구
4,풀 몬티
4,Smart Guy
4,더 프랙티스
4,볼케이노
4,에이리언 4
4,페이스 오프
4,앨리의 사랑 만들기
4,디 엣지
4,체인 리액션
4,머펫의 보물섬
4,리틀 프레지던트
4,스파이 하드
4,선체이서
4,프리쳐스 와이프
4,커리지 언더 파이어
4,인디펜던스 데이
4,브로큰 애로우
4,타임 투 킬
4,더 록
4,알라딘 3: 알라딘과 도적의 왕
4,101 달마시안
4,잭
4,노틀담의 꼽추
4,로미오와 줄리엣
4,솔드 아웃
4,머나먼 여정 2
4,The Incredible Hulk
4,마이티 덕 3
4,카피캣
4,언더 씨즈 2
4,Timon & Pumbaa
4,크림슨 타이드
4,토이 스토리
4,위험한 아이들
4,브레이브하트
4,포카혼타스
4,히트
4,다이 하드 3
4,구름 속의 산책
4,신부의 아버지 2
4,당신이 잠든 사이에
4,구피 무비
4,늑대개 2
4,나쁜 여자들
4,산타 클로스
4,의뢰인
4,알라딘 2: 돌아온 자파
4,스피드
4,베이비 데이 아웃
4,늑대 개 2
4,Gargoyles
4,마이티 덕 2
4,라이온 킹
4,썸벨리나
4,남자가 사랑할 때
4,올리버 스톤의 킬러
4,34번가의 기적
4,Fantastic Four
4,아이언맨
4,시스터 액트 2
4,팀버튼의 크리스마스 악몽
4,머나먼 여정
4,이 소년의 삶
4,뉴욕경찰 24시
4,위험한 아이
4,Bonkers
4,미세스 다웃파이어
4,엑스파일
4,호커스 포커스
4,삼총사
4,코리의 세상
4,써머스비
4,시스터 액트
4,나 홀로 집에 2: 뉴욕을 헤매다
4,뉴시즈
4,뱀파이어 해결사
4,마이티 덕
4,알라딘
4,으랏차차 스모부
4,에이리언 3
4,덩크슛
4,머펫의 크리스마스 캐롤
4,아이가 커졌어요
4,언더 씨즈
4,The Little Mermaid
4,The Real World
4,X-Men
4,적과의 동침
4,인간 로켓티어
4,JFK
4,Doug
4,신부의 아버지
4,미녀와 야수
4,늑대 개
4,오리 형사 다크
4,못말리는 비행사
4,뉴욕 세 남자와 아기 2
4,욕심쟁이 오리아저씨 : 잃어버린 램프의 보물
4,죽음의 표적
4,다이 하드 2
4,나 홀로 집에
4,The Prince and the Pauper
4,프레데터 2
4,귀여운 여인
4,가위손
4,애들이 줄었어요
4,인어공주
4,장식품
4,죽은 시인의 사회
4,심슨 가족
4,장미의 전쟁
4,터너와 후치
4,다이 하드
4,워킹 걸
4,빅
4,굿모닝 베트남
4,누가 로저 래빗을 모함했나
4,올리버와 친구들
4,틴 토이
4,윌로우
4,레드의 꿈
4,뉴욕 세 남자와 아기
4,프레데터
4,에이리언 2
4,레전드
4,룩소 2세
4,플라이
4,위대한 명탐정 바실
4,빅 트러블
4,머나먼 시애틀
4,코만도
4,타란의 대모험
4,마법의 나라 오즈
4,브라질
4,스타워즈: 이웍
4,이웍: 엔도 전투
4,스타워즈: 드로이드
4,스플래쉬
4,로맨싱 스톤
4,용기의 카라반: 이웍의 대모험
4,원스 어폰 어 타임 인 아메리카
4,미키의 크리스마스 캐롤
4,스타워즈 에피소드 6: 제다이의 귀환
4,불의 전차
4,코난 - 바바리안
4,트론
4,코미디의 왕
4,Spider-Man and His Amazing Friends
4,스파이더맨
4,스타워즈 에피소드 5: 제국의 역습
4,블랙홀
4,브레이킹 어웨이
4,에이리언
4,머펫 무비
4,스파이더 우먼
4,오멘 2
4,허비: 몬테카를로에 가다
4,스타워즈 에피소드 4: 새로운 희망
4,Pete's Dragon
4,생쥐 구조대
4,곰돌이 푸의 모험
4,프리키 프라이데이
4,머펫 쇼
4,록키 호러 픽쳐 쇼
4,허비: 돌아오다
4,로빈 훗
4,Schoolhouse Rock!
4,아리스토캣
4,러브 버그
4,"헬로, 돌리!"
4,혹성탈출
4,정글북
4,메리 포핀스
4,사운드 오브 뮤직
4,아더왕의 검
4,머나먼 여정
4,클레오파트라
4,101마리의 달마시안 개
4,로빈슨 가족
4,잠자는 숲속의 공주
4,올드 옐러
4,해저 2만리
4,레이디와 트램프
4,The Simple Things
4,피터 팬
4,Pluto's Party
4,Pluto's Christmas Tree
4,우리는 친구
4,Lambert the Sheepish Lion
4,이상한 나라의 앨리스
4,Corn Chips
4,경적을 울려요
4,신데렐라
4,보물섬
4,식량 사수 작전
4,Winter Storage
4,소포야 꼼짝마
4,스웨터가 싫어요
4,미키와 콩나무
4,플루토와 소시지
4,즐거운 음악시간
4,Mickey and the Seal
4,Chip an' Dale
4,34번가의 기적
4,Double Dribble
4,3인의 기사
4,풋볼하는 법
4,타이어 수리는 힘들어
4,Mickey's Birthday Party
4,밤비
4,구피의 물고기 잡기
4,How to Play Baseball
4,수영하는 법
4,Early to Bed
4,환타지아
4,요리사 도날드
4,덤보
4,도날드의 데이트
4,Mr. Mouse Takes a Trip
4,피노키오
4,백설공주와 일곱 난쟁이
4,황소 페르디난드
4,Mickey's Trailer
4,Brave Little Tailor
4,Donald's Golf Game
4,그 여름의 하와이
4,시계 청소부들
4,외로운 유령들
4,Thru the Mirror
4,Mickey's Rival
4,On Ice
4,The Tortoise and the Hare
4,현명한 암탉
4,나쁜 늑대
4,아기 돼지 삼형제
4,Flowers and Trees
4,증기선 윌리
